file_id,filename,category,file_path,page_count,title,publication_year,doi,xml_title,journal,publisher
PHY-AST_96,PHY-AST_96.pdf,PHY-AST,benchmarks/cex/all_pdfs/PHY-AST_96.pdf,15,"Shilin Hu, Xiaolei Hao, Hang Lv, Mingqing Liu, Tianxiang Yang, Haifeng Xu, Mingxing Jin, Dajun Ding, Qianguang Li, Weidong Li, Wilhelm Becker, and Jing Chen, ""Quantum dynamics of atomic Rydberg excitation in strong laser fields,"" Opt. Express 27, 31629-31643 (2019) doi:10.1364/OE.27.031629 (Open Access)",2019,10.1364/OE.27.031629,Quantum dynamics of atomic Rydberg excitation in strong laser fields,Optics Express,Optica Publishing Group
MATH_70,MATH_70.pdf,MATH,benchmarks/cex/all_pdfs/MATH_70.pdf,7,"Xin Yi, Guirong Liu, Analysis of stochastic Nicholson-type delay system with patch structure, Applied Mathematics Letters, 96, 2019, https://doi.org/10.1016/j.aml.2019.05.016. (Restricted)",2019,10.1016/j.aml.2019.05.016.,Analysis of stochastic Nicholson-type delay system with patch structure ✩,Applied Mathematics Letters,Elsevier
MED_73,MED_73.pdf,MED,benchmarks/cex/all_pdfs/MED_73.pdf,7,"Samuelson TW, Ferguson TJ, Radcliffe NM, Lewis R, Schweitzer J, Swan R, Berdahl JP. 8 hrs Safety Evaluation Of A Multi-Pressure Dial In Eyes With Glaucoma: Prospective, Open-Label, Randomized Study. Clin Ophthalmol. 2019; https://doi.org/10.2147/OPTH.S217736 (Open Access)",2019,10.2147/OPTH.S217736,"8 hrs Safety Evaluation Of A Multi-Pressure Dial In Eyes With Glaucoma: Prospective, Open-Label, Randomized Study",Clinical Ophthalmology,Dove Press
COM-SCI_28,COM-SCI_28.pdf,COM_SCI,benchmarks/cex/all_pdfs/COM-SCI_28.pdf,16,"Wei, Shih-En and Saragih, Jason and Simon, Tomas and Harley, Adam W. and Lombardi, Stephen and Perdoch, Michal and Hypes, Alexander and Wang, Dawei and Badino, Hernan and Sheikh, Yaser, VR Facial Animation via Multiview Image Translation, Association for Computing Machinery, 38(4) (2019). https://doi.org/10.1145/3306346.3323030. (Open Access)",,10.1145/3306346.3323030.,VR Facial Animation via Multiview Image Translation,ACM Transactions on Graphics (TOG),Association for Computing Machinery
MATH_71,MATH_71.pdf,MATH,benchmarks/cex/all_pdfs/MATH_71.pdf,9,"López, Miguel Ángel, Qudah, Manar A. Al, Zarea, Sana’a A., Kallel-Jallouli, Saoussan A., Mathematical Modeling to Study Multistage Stem Cell Transplantation in HIV-1 Patients, Discrete Dynamics in Nature and Society, 2019, https://doi.org/10.1155/2019/6379142 (Open Access)",2019,10.1155/2019/6379142,Mathematical Modeling to Study Multistage Stem Cell Transplantation in HIV-1 Patients,Discrete Dynamics in Nature and Society,Wiley
PHY-AST_95,PHY-AST_95.pdf,PHY-AST,benchmarks/cex/all_pdfs/PHY-AST_95.pdf,10,"F. Saltarelli, I. J. Graumann, L. Lang, D. Bauer, C. R. Phillips, and U. Keller, ""Power scaling of ultrafast oscillators: 350-W average-power sub-picosecond thin-disk laser,"" Opt. Express 27, 31465-31474 (2019) doi:10.1364/OE.27.031465 (Open Access)",2019,10.1364/OE.27.031465,Power scaling of ultrafast oscillators: 350-W average-power sub-picosecond thin-disk laser,Optics Express,Optica Publishing Group
ENV-SCI_53,ENV-SCI_53.pdf,ENV-SCI,benchmarks/cex/all_pdfs/ENV-SCI_53.pdf,11,"Ping Xie, Haiting Gu, Yan-Fang Sang, Ziyi Wu, Vijay P. Singh, Comparison of different methods for detecting change points in hydroclimatic time series, Journal of Hydrology, 577, 2019, https://doi.org/10.1016/j.jhydrol.2019.123973. (Restricted)",2019,10.1016/j.jhydrol.2019.123973.,Comparison of different methods for detecting change points in hydroclimatic time series,Journal of Hydrology,Elsevier
PSY_100,PSY_100.pdf,PSY,benchmarks/cex/all_pdfs/PSY_100.pdf,12,"Craig, F., De Giacomo, A., Savino, R. et al. The Empathizing–Systemizing Theory and ‘Extreme Male Brain’ (EMB) Theory in Parents of Children with Autism Spectrum Disorders (ASD): An Explorative, Cross-Sectional Study. J Autism Dev Disord 49, 4067–4078 (2019). https://doi.org/10.1007/s10803-019-04114-w (Open Access)",2019,10.1007/s10803-019-04114-w,"The Empathizing-Systemizing Theory and 'Extreme Male Brain' (EMB) Theory in Parents of Children with Autism Spectrum Disorders (ASD): An Explorative, Cross-Sectional Study",Journal of Autism and Developmental Disorders,Springer
MATH_72,MATH_72.pdf,MATH,benchmarks/cex/all_pdfs/MATH_72.pdf,12,"Pawluszewicz, Ewa, Chen, Chong, Ding, Zhixia, Projective Synchronization of Nonidentical Fractional-Order Memristive Neural Networks, Discrete Dynamics in Nature and Society, 2019, https://doi.org/10.1155/2019/8743482 (Open Access)",2019,10.1155/2019/8743482,Projective Synchronization of Nonidentical Fractional-Order Memristive Neural Networks,Discrete Dynamics in Nature and Society,Wiley
PHY-AST_94,PHY-AST_94.pdf,PHY-AST,benchmarks/cex/all_pdfs/PHY-AST_94.pdf,14,"Mingming Chen, Chen Tang, Min Xu, and Zhenkun Lei, ""Binarization of ESPI fringe patterns based on local entropy,"" Opt. Express 27, 32378-32391 (2019) doi:10.1364/OE.27.032378 (Open Access)",2019,10.1364/OE.27.032378,Binarization of ESPI fringe patterns based on local entropy,Optics Express,
ENV-SCI_56,ENV-SCI_56.pdf,ENV-SCI,benchmarks/cex/all_pdfs/ENV-SCI_56.pdf,12,"Montràs-Janer T, Knape J, Nilsson L, Tombre I, Pärt T, Månsson J. Relating national levels of crop damage to the abundance of large grazing birds: Implications for management. J Appl Ecol. 2019; 56: 2286–2297. https://doi.org/10.1111/1365-2664.13457 (Open Access)",2019,10.1111/1365-2664.13457,Relating national levels of crop damage to the abundance of large grazing birds: Implications for management,Journal of Applied Ecology,Wiley
PSY_98,PSY_98.pdf,PSY,benchmarks/cex/all_pdfs/PSY_98.pdf,17,"Mohr, J. J., Markell, H. M., King, E. B., Jones, K. P., Peddie, C. I., & Kendra, M. S. (2019). Affective antecedents and consequences of revealing and concealing a lesbian, gay, or bisexual identity. Journal of Applied Psychology, 104(10), 1266–1282. https://doi.org/10.1037/apl0000399 (Restricted)",2019,10.1037/apl0000399,"Affective Antecedents and Consequences of Revealing and Concealing a Lesbian, Gay, or Bisexual Identity",Journal of Applied Psychology,American Psychological Association
MED_75,MED_75.pdf,MED,benchmarks/cex/all_pdfs/MED_75.pdf,10,"Pan M, Ou Q, Chen B, Hong Z, Liu H. Risk factors for obstructive sleep apnea-related hypertension in police officers in Southern China. J Thorac Dis. 2019 Oct;11(10):4169-4178. doi: 10.21037/jtd.2019.09.83. PMID: 31737300; PMCID: PMC6837957 (Open Access)",2019,,Risk factors for obstructive sleep apnea-related hypertension in police officers in Southern China,Journal of Thoracic Disease,
EAR-PLA-SCI_39,EAR-PLA-SCI_39.pdf,EAR-PLA-SCI,benchmarks/cex/all_pdfs/EAR-PLA-SCI_39.pdf,21,"Sadavarte, Pankaj, Rupakheti, Maheswar, Bhave, Prakash, Shakya, Kiran, Lawrence, Mark, Nepal emission inventory - Part I: Technologies and combustion sources (NEEMI-Tech) for 2001-2016"", Atmospheric Chemistry & Physics, 19(20) (2019). 10.5194/acp-19-12953-2019. (Open Access)",2019,,Nepal emission inventory -Part I: Technologies and combustion sources (NEEMI-Tech) for 2001-2016,Atmospheric Chemistry and Physics,Copernicus Publications
PHA-TOX-PHA_90,PHA-TOX-PHA_90.pdf,PHA-TOX-PHA,benchmarks/cex/all_pdfs/PHA-TOX-PHA_90.pdf,15,"Cartuche L, Reyes-Batlle M, Sifaoui I, Arberas-Jiménez I, Piñero JE, Fernández JJ, Lorenzo-Morales J, Díaz-Marrero AR. Antiamoebic Activities of Indolocarbazole Metabolites Isolated from Streptomyces sanyensis Cultures. Marine Drugs. 2019; 17(10):588. https://doi.org/10.3390/md17100588 (Open Access)",2019,10.3390/md17100588,Antiamoebic Activities of Indolocarbazole Metabolites Isolated from Streptomyces sanyensis Cultures,Marine Drugs,MDPI AG
ART-HUM_8,ART-HUM_8.pdf,ART_HUM,benchmarks/cex/all_pdfs/ART-HUM_8.pdf,22,"Markus Fjellström, Gunilla Eriksson, Kerstin Lidén & Asgeir Svestad (2019) Food and Cultural Traits in Coastal Northern Finnmark in the 14th–19th Centuries, Norwegian Archaeological Review, 52:1, 20-40, DOI: 10.1080/00293652.2019.1621366 (Open Acess)",,,Food and Cultural Traits in Coastal Northern Finnmark in the 14th-19th Centuries,Norwegian Archaeological Review,Tailor & Francis
PHA-TOX-PHA_91,PHA-TOX-PHA_91.pdf,PHA-TOX-PHA,benchmarks/cex/all_pdfs/PHA-TOX-PHA_91.pdf,16,"Lai X, Liu X, Liu X, Deng T, Feng Y, Tian X, Lyu M, Wang S. The Marine Catenovulum agarivorans MNH15 and Dextranase: Removing Dental Plaque. Marine Drugs. 2019; 17(10):592. https://doi.org/10.3390/md17100592 (Open Access)",2019,10.3390/md17100592,The Marine Catenovulum agarivorans MNH15 and Dextranase: Removing Dental Plaque,Marine Drugs,MDPI
EAR-PLA-SCI_38,EAR-PLA-SCI_38.pdf,EAR-PLA-SCI,benchmarks/cex/all_pdfs/EAR-PLA-SCI_38.pdf,20,"Quinn R. Shollenberger, Andreas Wittke, Jan Render, Prajkta Mane, Stephan Schuth, Stefan Weyer, Nikolaus Gussone, Meenakshi Wadhwa, Gregory A. Brennecka, Combined mass-dependent and nucleosynthetic isotope variations in refractory inclusions and their mineral separates to determine their original Fe isotope compositions, Geochimica et Cosmochimica Acta, 263 (2019). https://doi.org/10.1016/j.gca.2019.07.021. (Restricted)",,10.1016/j.gca.2019.07.021.,Combined mass-dependent and nucleosynthetic isotope variations in refractory inclusions and their mineral separates to determine their original Fe isotope compositions,Geochimica et Cosmochimica Acta,Elsevier
PSY_99,PSY_99.pdf,PSY,benchmarks/cex/all_pdfs/PSY_99.pdf,10,"Alkhaldi, R.S., Sheppard, E. & Mitchell, P. Is There a Link Between Autistic People Being Perceived Unfavorably and Having a Mind That Is Difficult to Read?. J Autism Dev Disord 49, 3973–3982 (2019). https://doi.org/10.1007/s10803-019-04101-1 (Open Access)",2019,10.1007/s10803-019-04101-1,Is There a Link Between Autistic People Being Perceived Unfavorably and Having a Mind That Is Difficult to Read?,Journal of Autism and Developmental Disorders,
MED_74,MED_74.pdf,MED,benchmarks/cex/all_pdfs/MED_74.pdf,10,"Zhao L, Li D, Zheng H, et al. Acupuncture as Adjunctive Therapy for Chronic Stable Angina: A Randomized Clinical Trial. JAMA Intern Med. 2019;179(10):1388–1397. doi:10.1001/jamainternmed.2019.2407 (Open Access)",2019,10.1001/jamainternmed.2019.2407,Acupuncture as Adjunctive Therapy for Chronic Stable Angina A Randomized Clinical Trial,JAMA Internal Medicine,
HEA-PRO_57,HEA-PRO_57.pdf,HEA-PRO,benchmarks/cex/all_pdfs/HEA-PRO_57.pdf,11,"Lucas Villalta Santos, Larissa Lisboa Córdoba, Jamile Benite Palma Lopes, Claudia Santos Oliveira, Luanda André Collange Grecco, Ana Carolina Bovi Nunes Andrade, Hugo Pasin Neto, Active Visceral Manipulation Associated With Conventional Physiotherapy in People With Chronic Low Back Pain and Visceral Dysfunction: A Preliminary, Randomized, Controlled, Double-Blind Clinical Trial, Journal of Chiropractic Medicine, 18(2), 2019, https://doi.org/10.1016/j.jcm.2018.11.005. (Restricted)",,10.1016/j.jcm.2018.11.005.,"Active Visceral Manipulation Associated With Conventional Physiotherapy in People With Chronic Low Back Pain and Visceral Dysfunction: A Preliminary, Randomized, Controlled, Double-Blind Clinical Trial",Journal of Chiropractic Medicine,
PHY-AST_93,PHY-AST_93.pdf,PHY-AST,benchmarks/cex/all_pdfs/PHY-AST_93.pdf,27,"He, Temple and Mitra, Prahar, Asymptotic symmetries and Weinberg’s soft photon theorem in Minkd+2,1029-8479, Journal of High Energy Physics, Springer Science and Business Media LLC, 2019. doi:10.1007/jhep10(2019)213 (Open Access)",2019,10.1007/jhep10(2019,Asymptotic symmetries and Weinberg's soft photon theorem in Mink d+2,Journal of High Energy Physics,Springer
ENV-SCI_55,ENV-SCI_55.pdf,ENV-SCI,benchmarks/cex/all_pdfs/ENV-SCI_55.pdf,10,"Trask AE, Fenn SR, Bignal EM, McCracken DI, Monaghan P, Reid JM. Evaluating the efficacy of independent versus simultaneous management strategies to address ecological and genetic threats to population viability. J Appl Ecol. 2019; 56: 2264–2273. https://doi.org/10.1111/1365-2664.13464 (Open Access)",2019,10.1111/1365-2664.13464,Evaluating the efficacy of independent versus simultaneous management strategies to address ecological and genetic threats to population viability,Journal of Applied Ecology,Wiley
MED_76,MED_76.pdf,MED,benchmarks/cex/all_pdfs/MED_76.pdf,11,"Patil V., Joshi A., Noronha V., Agarwala V., Chougule A., Kanan S., Bhattacharjee A., Chandrasekharan A., Pande N., Simha V., Goud S., More S., Kumar R., et al Randomized phase 3 open label study of quality of life of patients on Pemetrexed versus Erlotinib as maintenance therapy for advanced non squamous non EGFR mutated non small cell lung cancer. Oncotarget. 2019; 10: 6297-6307. Retrieved from https://www.oncotarget.com/article/27214/ doi:10.18632/oncotarget.27214 (Open Access)",2019,10.18632/oncotarget.27214,Randomized phase 3 open label study of quality of life of patients on Pemetrexed versus Erlotinib as maintenance therapy for advanced non squamous non EGFR mutated non small cell lung cancer,Oncotarget,
PHA-TOX-PHA_92,PHA-TOX-PHA_92.pdf,PHA-TOX-PHA,benchmarks/cex/all_pdfs/PHA-TOX-PHA_92.pdf,17,"Lin F, Yang D, Huang Y, Zhao Y, Ye J, Xiao M. The Potential of Neoagaro-Oligosaccharides as a Treatment of Type II Diabetes in Mice. Marine Drugs. 2019; 17(10):541. https://doi.org/10.3390/md17100541 (Open Access)",2019,10.3390/md17100541,The Potential of Neoagaro-Oligosaccharides as a Treatment of Type II Diabetes in Mice,Marine Drugs,MDPI
ENV-SCI_54,ENV-SCI_54.pdf,ENV-SCI,benchmarks/cex/all_pdfs/ENV-SCI_54.pdf,18,"Federico Savini (2019) The economy that runs on waste: accumulation in the circular city, Journal of Environmental Policy & Planning, 21:6, 675-691, DOI: 10.1080/1523908X.2019.1670048 (Open Access)",2019,,The economy that runs on waste: accumulation in the circular city,Journal of environmental policy & planning,Taylor & Francis Group
VET_105,VET_105.pdf,VET,benchmarks/cex/all_pdfs/VET_105.pdf,7,"Prashant Kumar, Rabindra Kumar, Jitendra Singh Mehta, Ashok Kumar Chaudhary, Sanjay Kumar Ravi, Sharat Chandra Mehta, Mohd. Matin Ansari, Ram Avtar Legha, Bupendra Nath Tripathi, Thirumala Rao Talluri, Ameliorative Effect of Ascorbic Acid and Glutathione in Combating the Cryoinjuries During Cryopreservation of Exotic Jack Semen, Journal of Equine Veterinary Science, 81, 2019, https://doi.org/10.1016/j.jevs.2019.102796. (Restricted)",2019,10.1016/j.jevs.2019.102796.,Ameliorative Effect of Ascorbic Acid and Glutathione in Combating the Cryoinjuries During Cryopreservation of Exotic Jack Semen,Journal of Equine Veterinary Science,Elsevier
AGR-BIO-SCI_1,AGR-BIO-SCI_1.pdf,AGR-BIO-SCI,benchmarks/cex/all_pdfs/AGR-BIO-SCI_1.pdf,12,"Armbrecht L, Lambertz C, Albers D, Gauly M. Assessment of welfare indicators in dairy farms offering pasture at differing levels. animal. 2019;13(10):2336-2347. doi:10.1017/S1751731119000570 (Restricted)",2019,10.1017/S1751731119000570,Assessment of welfare indicators in dairy farms offering pasture at differing levels,Animal,Elsevier BV
MUL_79,MUL_79.pdf,MUL,benchmarks/cex/all_pdfs/MUL_79.pdf,15,"CMilev, M.P., Stanga, D., Schänzer, A. et al. Characterization of three TRAPPC11 variants suggests a critical role for the extreme carboxy terminus of the protein. Sci Rep 9, 14036 (2019). https://doi.org/10.1038/s41598-019-50415-6 (Open Access)",2019,10.1038/s41598-019-50415-6,characterization of three TRAPPC11 variants suggests a critical role for the extreme carboxy terminus of the protein,Scientific Reports,
DEN_35,DEN_35.pdf,DEN ,benchmarks/cex/all_pdfs/DEN_35.pdf,12,"SBlufstein A, Behm C, Gahn J, et al. Synergistic effects triggered by simultaneous Toll-like receptor-2 and -3 activation in human periodontal ligament stem cells. J Periodontol. 2019; 90: 1190–1201. https://doi.org/10.1002/JPER.19-0005 (Open Access)",2019,10.1002/JPER.19-0005,Synergistic effects triggered by simultaneous Toll‐like receptor‐2 and ‐3 activation in human periodontal ligament stem cells,Journal of Periodontology,Wiley
DEN_34,DEN_34.pdf,DEN ,benchmarks/cex/all_pdfs/DEN_34.pdf,12,"Chen L, Mo S, Hua Y. Compressive force-induced autophagy in periodontal ligament cells downregulates osteoclastogenesis during tooth movement. J Periodontol. 2019; 90: 1170–1181. https://doi.org/10.1002/JPER.19-0049 (Restricted)",2019,10.1002/JPER.19-0049,Compressive force‐induced autophagy in periodontal ligament cells downregulates osteoclastogenesis during tooth movement,Journal of Periodontology,Wiley
MUL_78,MUL_78.pdf,MUL,benchmarks/cex/all_pdfs/MUL_78.pdf,8,"Wang, Q., Yang, Y., Liu, Y. et al. Assessing the Impacts of Drought on Grassland Net Primary Production at the Global Scale. Sci Rep 9, 14041 (2019). https://doi.org/10.1038/s41598-019-50584-4 (Open Access)",,10.1038/s41598-019-50584-4,Assessing the impacts of Drought on Grassland net primary production at the Global Scale,Scientific Reports,Springer Science and Business Media LLC
NUR_88,NUR_88.pdf,NUR,benchmarks/cex/all_pdfs/NUR_88.pdf,15,"Larsson H, Edberg A-K, Bolmsjö I, Rämgård M. Contrasts in older persons’ experiences and significant others’ perceptions of existential loneliness. Nursing Ethics. 2019;26(6):1623-1637. doi:10.1177/0969733018774828 (Restricted)",,10.1177/0969733018774828,Contrasts in older persons' experiences and significant others' perceptions of existential loneliness,Nursing Ethics,SAGE
MAT-SCI_65,MAT-SCI_65.pdf,MAT-SCI,benchmarks/cex/all_pdfs/MAT-SCI_65.pdf,8,"Sang Xiong, Dong Liang, Zhixin Ba, Zhen Zhang, Shuai Luo,",2019,,Adsorption behavior of thiadiazole derivatives as anticorrosion additives on copper oxide surface: Computational and experimental studies,Applied Surface Science,Elsevier
VET_106,VET_106.pdf,VET,benchmarks/cex/all_pdfs/VET_106.pdf,7,"Uhl LK, Saito A, Iwashita H, Maggs DJ, Mochel JP, Sebbag L. Clinical features of cats with aqueous tear deficiency: a retrospective case series of 10 patients (17 eyes). Journal of Feline Medicine and Surgery. 2019;21(10):944-950. doi:10.1177/1098612X18810867 (Open Access)",2018,10.1177/1098612X18810867,Clinical features of cats with aqueous tear deficiency: a retrospective case series of 10 patients (17 eyes),Journal of Feline Medicine and Surgery,Sage
MAT-SCI_67,MAT-SCI_67.pdf,MAT-SCI,benchmarks/cex/all_pdfs/MAT-SCI_67.pdf,9,"Deklerck, Victor, De Mil, Tom, Kondjo, Patrick, Beeckman, Hans, Van Acker, Joris and Van den Bulcke, Jan. ""Sleeping beauties in materials science: unlocking the value of xylarium specimens in the search for timbers of the future"" Holzforschung, vol. 73, no. 10, 2019, pp. 889-897. https://doi.org/10.1515/hf-2018-0269 (Open Access)",2019,10.1515/hf-2018-0269,Sleeping beauties in materials science: unlocking the value of xylarium specimens in the search for timbers of the future,Holzforschung,
AGR-BIO-SCI_2,AGR-BIO-SCI_2.pdf,AGR-BIO-SCI,benchmarks/cex/all_pdfs/AGR-BIO-SCI_2.pdf,13,"Ramos-Escudero, F., Muñoz, A.M., Ramos Escudero, M. et al. Characterization of commercial Sacha inchi oil according to its composition: tocopherols, fatty acids, sterols, triterpene and aliphatic alcohols. J Food Sci Technol 56, 4503–4515 (2019). https://doi.org/10.1007/s13197-019-03938-9 (Restricted)",2019,10.1007/s13197-019-03938-9,"Characterization of commercial Sacha inchi oil according to its composition: tocopherols, fatty acids, sterols, triterpene and aliphatic alcohols",,
CHE-ENG_19,CHE-ENG_19.pdf,CHE-ENG,benchmarks/cex/all_pdfs/CHE-ENG_19.pdf,9,"Ahmad, F. N., Sazali, N., Shalbi, S., Ngadiman, N. H. A., & Othman, M. H. D., Oxygen Separation Process using Ceramic-Based Membrane: A Review. Journal of Advanced Research in Fluid Mechanics and Thermal Sciences, 62(1) (2020) https://www.akademiabaru.com/submit/index.php/arfmts/article/view/2685 (Open Access)",2019,,"Oxygen Separation Process using Ceramic-Based Membrane:
A Review",Journal of Advanced Research in Fluid Mechanics and Thermal Sciences,Akademia Baru
DEN_36,DEN_36.pdf,DEN ,benchmarks/cex/all_pdfs/DEN_36.pdf,23,"Leira Y, Ameijeira P, Domínguez C, López-Arias E, Ávila-Gómez P, Pérez-Mato M, Sobrino T, Campos F, D'Aiuto F, Leira R, Blanco J. Periodontal inflammation is related to increased serum calcitonin gene-related peptide levels in patients with chronic migraine. J Periodontol., 9(10) (2019) 1088-1095. doi: 10.1002/JPER.19-0051. (PREPRINT)",,,Periodontal inflammation is related to increased serum calcitonin gene-related peptide (CGRP) levels in patients with chronic migraine,,
ENG_49,ENG_49.pdf,ENG,benchmarks/cex/all_pdfs/ENG_49.pdf,8,"A.F. Awwad, M. H. Gobran, R. M. Kamal, and Mohammed A. Boraey. A 3D Risk Assessment Model based on GIS Layers Technique [J]. Int J Performability Eng, 2019, 15(10): 2563-2569. doi:10.23940/ijpe.19.10.p1.25632569 (Open Access)",,10.23940/ijpe.19.10.p1.25632569,A 3D Risk Assessment Model based on GIS Layers Technique,International Journal of Performability Engineering,Totem publisher
CHE-ENG_18,CHE-ENG_18.pdf,CHE-ENG,benchmarks/cex/all_pdfs/CHE-ENG_18.pdf,10,"Wang, Weiying and Li, Chaoping and Pi, Yibing and Wang, Jiajun and Tan, Rong and Yin, Donghong, Chiral salen Cr(iii) complexes encapsulated in thermo-responsive polymer nanoreactors for asymmetric epoxidation of alkenes in water, Catal. Sci. Technol., 9(20) (2019). http://dx.doi.org/10.1039/C9CY01398A. (Restricted)",2019,,Chiral salen Cr(III) complexes encapsulated in thermo-responsive polymer nanoreactors for asymmetric epoxidation of alkenes in water †,Catalysis Science & Technology,Royal Society of Chemistry
AGR-BIO-SCI_3,AGR-BIO-SCI_3.pdf,AGR-BIO-SCI,benchmarks/cex/all_pdfs/AGR-BIO-SCI_3.pdf,13,"Brousseau, Pierre-Marc; Gravel, Dominique; Handa, I. Tanya, Traits of litter-dwelling forest arthropod predators and detritivores covary spatially with traits of their resources, Ecology, 100(10) (2019). https://doi.org/10.1002/ecy.2815 (Open Access)",,10.1002/ecy.2815,Traits of litter-dwelling forest arthropod predators and detritivores covary spatially with traits of their resources,,
MAT-SCI_66,MAT-SCI_66.pdf,MAT-SCI,benchmarks/cex/all_pdfs/MAT-SCI_66.pdf,14,"Dietrich, K., Dumont, MJ., Orsat, V. et al. Consumption of sugars and inhibitors of softwood hemicellulose hydrolysates as carbon sources for polyhydroxybutyrate (PHB) production with Paraburkholderia sacchari IPT 101. Cellulose 26, 7939–7952 (2019). https://doi.org/10.1007/s10570-019-02664-x (Open Access)",2019,10.1007/s10570-019-02664-x,Consumption of sugars and inhibitors of softwood hemicellulose hydrolysates as carbon sources for polyhydroxybutyrate (PHB) production with Paraburkholderia sacchari IPT 101,Cellulose,
VET_107,VET_107.pdf,VET,benchmarks/cex/all_pdfs/VET_107.pdf,6,"Schroers M, Meyer-Lindenberg A, Reese S, Dobenecker B, Pieper K. Pharmacokinetics of low-dose and high-dose buprenorphine in cats after rectal administration of different formulations. Journal of Feline Medicine and Surgery. 2019;21(10):938-943. doi:10.1177/1098612X18810933 (Open Access)",2018,10.1177/1098612X18810933,Pharmacokinetics of low-dose and high-dose buprenorphine in cats after rectal administration of different formulations,Journal of Feline Medicine and Surgery,Sage
ENE_48,ENE_48.pdf,ENE,benchmarks/cex/all_pdfs/ENE_48.pdf,37,"Madicken Munk and Rachel N. Slaybaugh, Review of Hybrid Methods for Deep-Penetration Neutron Transport, Nuclear Science and Engineering, 193, 2019 doi:10.2139/ssrn.2899883 (PREPRINT)",2019,10.2139/ssrn.2899883,Review of Hybrid Methods for Deep-Penetration Neutron Transport,Nuclear Science and Engineering,Taylor & Francis
DEC-SCI_31,DEC-SCI_31.pdf,DEC-SCI,benchmarks/cex/all_pdfs/DEC-SCI_31.pdf,35,"Branke, J., Zhang, W. Identifying efficient solutions via simulation: myopic multi-objective budget allocation for the bi-objective case. OR Spectrum 41, 831–865 (2019). https://doi.org/10.1007/s00291-019-00561-0 (Open Access)",2019,10.1007/s00291-019-00561-0,Identifying efficient solutions via simulation: myopic multi-objective budget allocation for the bi-objective case,OR Spectrum,Springer
BIO-GEN-MOL_9,BIO-GEN-MOL_9.pdf,BIO-GEN-MOL,benchmarks/cex/all_pdfs/BIO-GEN-MOL_9.pdf,15,"Aury-Landas J, Girard N, Lhuissier E, Adouane D, Delépée R, Boumediene K, Baugé C. The Antitumoral Effect of the S-Adenosylhomocysteine Hydrolase Inhibitor, 3-Deazaneplanocin A, is Independent of EZH2 but is Correlated with EGFR Downregulation in Chondrosarcomas. Cell Physiol Biochem. 2019;53(4):731-745. doi: 10.33594/000000168 (Open Access)",2019,,"The Antitumoral Effect of the S-Adenosylhomocysteine Hydrolase Inhibitor, 3-Deazaneplanocin A, is Independent of EZH2 but is Correlated with EGFR Downregulation in Chondrosarcomas",Cellular Physiology and Biochemistry,Cell Physiol Biochem Press GmbH&Co
CHE-ENG_20,CHE-ENG_20.pdf,CHE-ENG,benchmarks/cex/all_pdfs/CHE-ENG_20.pdf,11,"Setyawan, A., Indarto, I. & Deendarlianto, D., Simplified Correlation for Liquid Holdup in a Horizontal TwoPhase Gas-Liquid Annular Flow. Journal of Advanced Research in Fluid Mechanics and Thermal Sciences, 62(1), (2020). https://www.akademiabaru.com/submit/index.php/arfmts/article/view/2687 (Open Access)",2019,,Simplified Correlation for Liquid Holdup in a Horizontal Two-Phase Gas-Liquid Annular Flow,Journal of Advanced Research in Fluid Mechanics and Thermal Sciences,Akademia Baru
MUL_80,MUL_80.pdf,MUL,benchmarks/cex/all_pdfs/MUL_80.pdf,7,"Chandran, D., Robbins, D.A., Chang, CK. et al. Use of Natural Language Processing to identify Obsessive Compulsive Symptoms in patients with schizophrenia, schizoaffective disorder or bipolar disorder. Sci Rep 9, 14146 (2019). https://doi.org/10.1038/s41598-019-49165-2 (Open Access)",2019,10.1038/s41598-019-49165-2,"Use of Natural Language Processing to identify Obsessive Compulsive Symptoms in patients with schizophrenia, schizoaffective disorder or bipolar disorder",Scientific Reports,Springer Science and Business Media LLC
DEN_33,DEN_33.pdf,DEN ,benchmarks/cex/all_pdfs/DEN_33.pdf,11,"Derksen W, Wismeijer D, Flügge T, Hassan B, Tahmaseb A. The accuracy of computer-guided implant surgery with tooth-supported, digitally designed drill guides based on CBCT and intraoral scanning. A prospective cohort study. Clin Oral Impl Res. 2019; 30: 1005–1015. https://doi.org/10.1111/clr.13514 (Restricted)",2019,10.1111/clr.13514,"The accuracy of computer‐guided implant surgery with tooth‐supported, digitally designed drill guides based on CBCT and intraoral scanning. A prospective cohort study",Clinical Oral Implants Research,Wiley
DEC-SCI_30,DEC-SCI_30.pdf,DEC-SCI,benchmarks/cex/all_pdfs/DEC-SCI_30.pdf,22,"Manjunath K. Vanahalli, Nagamma Patil, An efficient dynamic switching algorithm for mining colossal closed itemsets from high dimensional datasets, Data & Knowledge Engineering, 123 (2019). https://doi.org/10.1016/j.datak.2019.101721 (Restricted)",2019,10.1016/j.datak.2019.101721,An efficient dynamic switching algorithm for mining colossal closed itemsets from high dimensional datasets,Data & Knowledge Engineering,Elsevier BV
DEC-SCI_32,DEC-SCI_32.pdf,DEC-SCI,benchmarks/cex/all_pdfs/DEC-SCI_32.pdf,29,"Velasquez, G.A., Mayorga, M.E. & Cruz, E.A.R. Prepositioning inventory for disasters: a robust and equitable model. OR Spectrum 41, 757–785 (2019). https://doi.org/10.1007/s00291-019-00554-z (Open Access)",2019,10.1007/s00291-019-00554-z,Prepositioning inventory for disasters: a robust and equitable model,OR Spectrum,
AGR-BIO-SCI_4,AGR-BIO-SCI_4.pdf,AGR-BIO-SCI,benchmarks/cex/all_pdfs/AGR-BIO-SCI_4.pdf,14,"Lucena Carlos, Porras Rafael, García María J., Alcántara Esteban, Pérez-Vicente Rafael, Zamarreño Ángel M., Bacaicoa Eva, García-Mina José M., Smith Aaron P., Romera Francisco J., Ethylene and Phloem Signals Are Involved in the Regulation of Responses to Fe and P Deficiencies in Roots of Strategy I Plants, rontiers in Plant Science, 10 (2019). 10.3389/fpls.2019.01237  (Open Access)",2019,,Ethylene and Phloem Signals Are Involved in the Regulation of Responses to Fe and P Deficiencies in Roots of Strategy I Plants,,
ENE_47,ENE_47.pdf,ENE,benchmarks/cex/all_pdfs/ENE_47.pdf,13,"Katalin Bódis, Ioannis Kougias, Arnulf Jäger-Waldau, Nigel Taylor, Sándor Szabó, A high-resolution geospatial assessment of the rooftop solar photovoltaic potential in the European Union, Renewable and Sustainable Energy Reviews, 114, 2019, https://doi.org/10.1016/j.rser.2019.109309. (Open Access)",2019,10.1016/j.rser.2019.109309.,A high-resolution geospatial assessment of the rooftop solar photovoltaic potential in the European Union,Renewable and Sustainable Energy Reviews,Elsevier
NEU_84,NEU_84.pdf,NEU,benchmarks/cex/all_pdfs/NEU_84.pdf,13,"Yin Ping, Wang Xu, Wang Shuang, Wei Yafen, Feng Jiachun, Zhu Mingqin, Maresin 1 Improves Cognitive Decline and Ameliorates Inflammation in a Mouse Model of Alzheimer’s Disease, Frontiers in Cellular Neuroscience, 13, 2019, 10.3389/fncel.2019.00466 (Open Access)",2019,,Maresin 1 Improves Cognitive Decline and Ameliorates Inflammation in a Mouse Model of Alzheimer's Disease,Frontiers in Cellular Neuroscience,
BUS-MAN-ACC_15,BUS-MAN-ACC_15.pdf,BUS-MAN-ACC,benchmarks/cex/all_pdfs/BUS-MAN-ACC_15.pdf,15,"Rotem Shneor, Ziaul Haque Munim, Reward crowdfunding contribution as planned behaviour: An extended framework, Journal of Business Research, 103 (2019), https://doi.org/10.1016/j.jbusres.2019.06.013. (Open Access)",2019,10.1016/j.jbusres.2019.06.013.,Reward crowdfunding contribution as planned behaviour: An extended framework,Journal of Business Research,Elsevier
SOC-SCI_101,SOC-SCI_101.pdf,SOC-SCI,benchmarks/cex/all_pdfs/SOC-SCI_101.pdf,26,"Michieletto, M., Adedayo, O., & Mukanya, V. (2019). African Housing Renaissance: The Case of Gacuriro Valley Satellite Settlements, Kigali, Rwanda. Urban Planning, 4(3), 265-290. doi:https://doi.org/10.17645/up.v4i3.2210 (Open Access)",2019,https://doi.org/10.17645/up.v4i3.2210,"African Housing Renaissance: The Case of Gacuriro Valley Satellite Settlements, Kigali, Rwanda",Urban Planning,
EAR-PLA-SCI_40,EAR-PLA-SCI_40.pdf,EAR-PLA-SCI,benchmarks/cex/all_pdfs/EAR-PLA-SCI_40.pdf,15,"Stephan Nyeki, Stefan Wacker, Christine Aebi, Julian Gröbner, Giovanni Martucci, Laurent Vuilleumier, Trends in surface radiation and cloud radiative effect at four Swiss sites for the 1996–2015 period, Atmospheric Chemistry and Physics Discussions, 19(20) (2019). 10.5194/acp-19-13227-2019 (Open Access)",2019,,Trends in surface radiation and cloud radiative effect at four Swiss sites for the 1996-2015 period,Atmospheric Chemistry and Physics,Copernicus Publications
BUS-MAN-ACC_14,BUS-MAN-ACC_14.pdf,BUS-MAN-ACC,benchmarks/cex/all_pdfs/BUS-MAN-ACC_14.pdf,19,"Ohana M, Stinglhamber F. Co-workers' voice climate and affective commitment towards the team: A test of mediation and moderation. Hum Resour Manag J. 2019; 29: 395–412. https://doi.org/10.1111/1748-8583.12232 (Restricted)",2021,10.1111/1748-8583.12232,Co-workers' voice climate and affective commitment towards the team: A test of mediation and moderation,,Wiley
ENE_46,ENE_46.pdf,ENE,benchmarks/cex/all_pdfs/ENE_46.pdf,40,"Christopher M. Perfetti & Bradley T. Rearden (2019) Estimating Code Biases for Criticality Safety Applications with Few Relevant Benchmarks, Nuclear Science and Engineering, 193:10, 1090-1128, DOI: 10.1080/00295639.2019.1604048 (Restricted)",2019,,Estimating Code Biases for Criticality Safety Applications with Few Relevant Benchmarks,Nuclear Science and Engineering,Taylor & Francis
DEC-SCI_29,DEC-SCI_29.pdf,DEC-SCI,benchmarks/cex/all_pdfs/DEC-SCI_29.pdf,30,"Füßler, D., Fedtke, S. & Boysen, N. The cafeteria problem: order sequencing and picker routing in on-the-line picking systems. OR Spectrum 41, 727–756 (2019). https://doi.org/10.1007/s00291-019-00553-0 (Open Access)",2019,10.1007/s00291-019-00553-0,The cafeteria problem: order sequencing and picker routing in on-the-line picking systems,OR Spectrum,Springer
BUS-MAN-ACC_16,BUS-MAN-ACC_16.pdf,BUS-MAN-ACC,benchmarks/cex/all_pdfs/BUS-MAN-ACC_16.pdf,11,"Qingqing Bi, Cultivating loyal customers through online customer communities: A psychological contract perspective, Journal of Business Research, 103 (2019), https://doi.org/10.1016/j.jbusres.2019.06.005. (Open Access)",2019,10.1016/j.jbusres.2019.06.005.,Cultivating loyal customers through online customer communities: A psychological contract perspective,Journal of Business Research,
SOC-SCI_102,SOC-SCI_102.pdf,SOC-SCI,benchmarks/cex/all_pdfs/SOC-SCI_102.pdf,12,"Stepteau-Watson, D., & Tolliver, D. E. (2018). An African-Centered Approach to Intervening with African American Adolescents Involved in Substance Abusing Behavior. Western Journal of Black Studies, 42. link.gale.com/apps/doc/A603160896/AONE?u=googlescholar&sid=googleScholar&xid=102fb657 (Open Access)",2018,,An African-Centered Approach to Intervening with African American Adolescents Involved in Substance Abusing Behavior,The Western Journal of Black Studies,
SOC-SCI_103,SOC-SCI_103.pdf,SOC-SCI,benchmarks/cex/all_pdfs/SOC-SCI_103.pdf,14,"Alkhaldi RS, Sheppard E, Mitchell P. Is There a Link Between Autistic People Being Perceived Unfavorably and Having a Mind That Is Difficult to Read? J Autism Dev Disord. 2019 Oct;49(10):3973-3982. doi: 10.1007/s10803-019-04101-1. (Open Access)",2019,,What Degree Is Necessary to Lead? ARL Directors' Perceptions,College & Research Libraries,
ENE_45,ENE_45.pdf,ENE,benchmarks/cex/all_pdfs/ENE_45.pdf,11,"Dominik Bucher, René Buffat, Andreas Froemelt, Martin Raubal, Energy and greenhouse gas emission reduction potentials resulting from different commuter electric bicycle adoption scenarios in Switzerland, Renewable and Sustainable Energy Reviews, 114, 2019, https://doi.org/10.1016/j.rser.2019.109298. (Restricted)",,10.1016/j.rser.2019.109298.,Energy and greenhouse gas emission reduction potentials resulting from diﬀerent commuter electric bicycle adoption scenarios in Switzerland,Renewable and Sustainable Energy Reviews,Elsevier
NEU_82,NEU_82.pdf,NEU,benchmarks/cex/all_pdfs/NEU_82.pdf,8,"Hart KL, Frangou S, Perlis RH. Gender Trends in Authorship in Psychiatry Journals From 2008 to 2018. Biol Psychiatry. 2019 Oct 15;86(8):639-646. doi: 10.1016/j.biopsych.2019.02.010 (Restricted)",2019,,Gender Trends in Authorship in Psychiatry Journals From 2008 to 2018,Biological Psychiatry,Elsevier
NUR_86,NUR_86.pdf,NUR,benchmarks/cex/all_pdfs/NUR_86.pdf,7,Ronnie L. Intensive care nurses in South Africa: Expectations and experiences in a public sector hospital. J Nurs Manag. 2019; 27: 1431–1437. https://doi.org/10.1111/jonm.12826 (Restricted),2019,10.1111/jonm.12826,Intensive care nurses in South Africa: Expectations and experiences in a public sector hospital,Journal of Nursing Management,Hindawi Limited
BUS-MAN-ACC_13,BUS-MAN-ACC_13.pdf,BUS-MAN-ACC,benchmarks/cex/all_pdfs/BUS-MAN-ACC_13.pdf,21,"Jooss, S., McDonnell, A., Burbach, R. and Vaiman, V. (2019), ""Conceptualising talent in multinational hotel corporations"", International Journal of Contemporary Hospitality Management, Vol. 31 No. 10, pp. 3879-3898. https://doi.org/10.1108/IJCHM-10-2018-0849 (Restricted)",2019,10.1108/IJCHM-10-2018-0849,Conceptualising talent in multinational hotel corporations,International Journal of Contemporary Hospitality Management,Emerald
ENG_50,ENG_50.pdf,ENG,benchmarks/cex/all_pdfs/ENG_50.pdf,6,"Nesrine Kalboussi, Sébastien Roux, Kenza Boumaza, Carole Sinfort, Alain Rapaport, About modeling and control strategies for scheduling crop irrigation, IFAC-PapersOnLine, 52 (23), 2019, https://doi.org/10.1016/j.ifacol.2019.11.007. (Open Access)",,10.1016/j.ifacol.2019.11.007.,About modeling and control strategies for scheduling crop irrigation,IFAC-PapersOnLine,Elsevier
ENG_51,ENG_51.pdf,ENG,benchmarks/cex/all_pdfs/ENG_51.pdf,20,"Kiani F, Nematzadehmiandoab S, Seyyedabbasi A. Designing a dynamic protocol for real-time Industrial Internet of Things-based applications by efficient management of system resources. Advances in Mechanical Engineering. 2019;11(10). doi:10.1177/1687814019866062 (Open Access)",2019,10.1177/1687814019866062,Designing a dynamic protocol for real-time Industrial Internet of Things-based applications by efficient management of system resources,Advances in Mechanical Engineering,SAGE
MUL_77,MUL_77.pdf,MUL,benchmarks/cex/all_pdfs/MUL_77.pdf,10,"Aditya S. Vaidya et al. ,Dynamic control of plant water use using designed ABA receptor agonists.Science366,eaaw8848(2019).DOI:10.1126/science.aaw8848 (Open Access)",2019,10.1126/science.aaw8848,Dynamic control of plant water use using designed ABA receptor agonists,Science,American Association for the Advancement of Science
NUR_87,NUR_87.pdf,NUR,benchmarks/cex/all_pdfs/NUR_87.pdf,17,"MARKEY, KATHLEEN; Tilki, Mary; Taylor, Georgina (2019). Resigned indifference: an explanation of gaps in care for culturally and linguistically diverse patients'. University of Limerick. Journal contribution. https://hdl.handle.net/10344/8235 doi:10.1111/jonm.12830 (PREPRINT)",,10.1111/jonm.12830,Resigned indifference: an explanation of gaps in care for culturally and linguistically diverse patients',Journal of Nursing Management,
NEU_83,NEU_83.pdf,NEU,benchmarks/cex/all_pdfs/NEU_83.pdf,14,"Michels Susanne, Dolga Amalia M., Braun Moria D., Kisko Theresa M., Sungur A. Özge, Witt Stephanie H., Rietschel Marcella, Dempfle Astrid, Wöhr Markus, Schwarting Rainer K. W., Culmsee Carsten, Interaction of the Psychiatric Risk Gene Cacna1c With Post-weaning Social Isolation or Environmental Enrichment Does Not Affect Brain Mitochondrial Bioenergetics in Rats, Frontiers in Cellular Neuroscience, 13, 2019, 10.3389/fncel.2019.00483  (Open Access)",2019,,Interaction of the Psychiatric Risk Gene Cacna1c With Post-weaning Social Isolation or Environmental Enrichment Does Not Affect Brain Mitochondrial Bioenergetics in Rats,Frontiers in Cellular Neuroscience,
MAT-SCI_68,MAT-SCI_68.pdf,MAT-SCI,benchmarks/cex/all_pdfs/MAT-SCI_68.pdf,13,"Wang, M., Peng, M., Weng, YX. et al. Toward durable and robust superhydrophobic cotton fabric through hydrothermal growth of ZnO for oil/water separation. Cellulose 26, 8121–8133 (2019). https://doi.org/10.1007/s10570-019-02635-2 (Open Access)",2019,10.1007/s10570-019-02635-2,Toward durable and robust superhydrophobic cotton fabric through hydrothermal growth of ZnO for oil/water separation,Cellulose,
NEU_81,NEU_81.pdf,NEU,benchmarks/cex/all_pdfs/NEU_81.pdf,10,"Lee Jihyun, Chang Su-youne, Altered Primary Motor Cortex Neuronal Activity in a Rat Model of Harmaline-Induced Tremor During Thalamic Deep Brain Stimulation, Frontiers in Cellular Neuroscience, 13, 2019, 10.3389/fncel.2019.00448 (Open Access)",2019,,Altered Primary Motor Cortex Neuronal Activity in a Rat Model of Harmaline-Induced Tremor During Thalamic Deep Brain Stimulation,Frontiers in Cellular Neuroscience,
SOC-SCI_104,SOC-SCI_104.pdf,SOC-SCI,benchmarks/cex/all_pdfs/SOC-SCI_104.pdf,16,"FRY, Amy. Ebook Rate of Use in OhioLINK: A Ten-Year Study of Local and Consortial Use of Publisher Packages in Ohio. College & Research Libraries, [S.l.], v. 80, n. 6, p. 827, sep. 2019. ISSN 2150-6701. doi:https://doi.org/10.5860/crl.80.6.827. (Open Access)",2019,https://doi.org/10.5860/crl.80.6.827.,Ebook Rate of Use in OhioLINK: A Ten-Year Study of Local and Consortial Use of Publisher Packages in Ohio,College & Research Libraries,
ENG_52,ENG_52.pdf,ENG,benchmarks/cex/all_pdfs/ENG_52.pdf,6,"M.A. Prawira Negara, E. Cornelissen, A.K. Geurkink, G.J.W. Euverink, B. Jayawardhana, Next Generation Sequencing Analysis of Wastewater Treatment Plant Process via Support Vector Regression, IFAC-PapersOnLine, 52 (23), 2019, https://doi.org/10.1016/j.ifacol.2019.11.006. (Open Access)",2019,10.1016/j.ifacol.2019.11.006.,Next Generation Sequencing Analysis of Wastewater Treatment Plant Process via Support Vector Regression,IFAC PapersOnLine,Elsevier
CHE-ENG_17,CHE-ENG_17.pdf,CHE-ENG,benchmarks/cex/all_pdfs/CHE-ENG_17.pdf,10,"Jumaidin, R., Sutan Saidi, Z. A., Ahmad Ilyas, R., Ahmad, M. N., Wahid, M. K., Yaakob, M. Y., Maidin, N. A., Ab Rahman, M. H., & Osman, M. H., Characteristics of Cogon Grass Fibre Reinforced Thermoplastic Cassava Starch Biocomposite: Water Absorption and Physical Properties, Journal of Advanced Research in Fluid Mechanics and Thermal Sciences, 62(1) (2020). https://akademiabaru.com/submit/index.php/arfmts/article/view/2689 (Open Access)",2019,,Characteristics of Cogon Grass Fibre Reinforced Thermoplastic Cassava Starch Biocomposite: Water Absorption and Physical Properties,,
VET_108,VET_108.pdf,VET,benchmarks/cex/all_pdfs/VET_108.pdf,6,"Fielder SE, Meinkoth JH, Rizzi TE, Hanzlicek AS, Hallman RM. Feline histoplasmosis presenting with bone and joint involvement: clinical and diagnostic findings in 25 cats. Journal of Feline Medicine and Surgery. 2019;21(10):887-892. doi:10.1177/1098612X18806706 (Open Access)",2018,10.1177/1098612X18806706,Feline histoplasmosis presenting with bone and joint involvement: clinical and diagnostic findings in 25 cats,Journal of Feline Medicine and Surgery,Sage
HEA-PRO_59,HEA-PRO_59.pdf,HEA-PRO,benchmarks/cex/all_pdfs/HEA-PRO_59.pdf,5,"Yoshihito Sekiguchi, Ken Muramatsu, Toru Tamaki, Masako Ikutomo, Kazuo Kurosawa, Motor cortex somatotopic presentation after restriction of neck movement in rats, Journal of Physical Therapy Science, 2019, Volume 31, Issue 10, Pages 785-789, Released on J-STAGE October 19, 2019, https://doi.org/10.1589/jpts.31.785, (Open Access)",,"10.1589/jpts.31.785,",Motor cortex somatotopic presentation after restriction of neck movement in rats,The Journal of Physical Therapy Science,IPEC Inc.
PSY_97,PSY_97.pdf,PSY,benchmarks/cex/all_pdfs/PSY_97.pdf,15,"Wang FL, Eisenberg N, Spinrad TL. Bifactor model of effortful control and impulsivity and their prospective prediction of ego resiliency. Journal of Personality. 2019; 87: 919–933. https://doi.org/10.1111/jopy.12444 (Restricted)",2018,10.1111/jopy.12444,Bifactor model of effortful control and impulsivity and their prospective prediction of ego resiliency,Journal of Personality,Wiley
ART-HUM_7,ART-HUM_7.pdf,ART_HUM,benchmarks/cex/all_pdfs/ART-HUM_7.pdf,19,"Baerman, M., Monich, I. & Reid, T. Nominal inflection classes in verbal paradigms. Morphology 29, 317–335 (2019). https://doi.org/10.1007/s11525-019-09342-5 (Open Access)",2019,10.1007/s11525-019-09342-5,Nominal inflection classes in verbal paradigms,Morphology,Springer
BIO-GEN-MOL_10,BIO-GEN-MOL_10.pdf,BIO-GEN-MOL,benchmarks/cex/all_pdfs/BIO-GEN-MOL_10.pdf,10,"Vandana, Satish Kantipudi, Neeraj Maheshwari, Sheetal Sharma Girish Sahni, Cloning and purification of an anti-thrombotic, chimeric Staphylokinase in Pichia pastoris, Protein Expression and Purification, 162 (2019), https://doi.org/10.1016/j.pep.2019.05.004 (Restricted)",2019,10.1016/j.pep.2019.05.004,Protein Expression and Purification,Protein Expression and Puriﬁcation,Elsevier
BIO-GEN-MOL_11,BIO-GEN-MOL_11.pdf,BIO-GEN-MOL,benchmarks/cex/all_pdfs/BIO-GEN-MOL_11.pdf,23,"Chenyi Wu, Andrew Travers, Modelling and DNA topology of compact 2-start and 1-start chromatin fibres, Nucleic Acids Research, Volume 47, Issue 18, 10 October 2019, Pages 9902–9924, https://doi.org/10.1093/nar/gkz495 (Open Access)",2019,10.1093/nar/gkz495,Modelling and DNA topology of compact 2-start and 1-start chromatin fibres,Nucleic Acids Research,Oxford University Press
ART-HUM_6,ART-HUM_6.pdf,ART_HUM,benchmarks/cex/all_pdfs/ART-HUM_6.pdf,13,"Ian James Kidd (2019) Admiration, attraction and the aesthetics of exemplarity, Journal of Moral Education, 48:3, 369-380, DOI: 10.1080/03057240.2019.1573724 (Restricted)",,,"Admiration, attraction and the aesthetics of exemplarity",Journal of Moral Education,
EAR-PLA-SCI_37,EAR-PLA-SCI_37.pdf,EAR-PLA-SCI,benchmarks/cex/all_pdfs/EAR-PLA-SCI_37.pdf,5,"David Kaniewski, Nick Marriner, Rachid Cheddadi, Christophe Morhange, Joachim Bretschneider, Greta Jans, Thierry Otto, Frédéric Luce, Elise Van Campo; Cold and dry outbreaks in the eastern Mediterranean 3200 years ago. Geology 2019;; 47 (10): 933–937. doi: https://doi.org/10.1130/G46491.1 (Restricted)",2019,10.1130/G46491.1,Cold and dry outbreaks in the eastern Mediterranean 3200 years ago,Geology,Geological Society of America
IMM-MIC_61,IMM-MIC_61.pdf,IMM-MIC,benchmarks/cex/all_pdfs/IMM-MIC_61.pdf,12,"Bourdeaux, Florian, Ludwig, Petra, Paithankar, Karthik, Sander, Bodo, Essen, Lars-Oliver, Grininger, Martin, Mack, Matthias, Comparative biochemical and structural analysis of the flavin-binding dodecins from Streptomyces davaonensis and Streptomyces coelicolor reveals striking differences with regard to multimerization, 2019, Microbiology, 165 (10), https://doi.org/10.1099/mic.0.000835 (Open Access)",2019,10.1099/mic.0.000835,Comparative biochemical and structural analysis of the flavin-binding dodecins from Streptomyces davaonensis and Streptomyces coelicolor reveals striking differences with regard to multimerization,Microbiology,
HEA-PRO_58,HEA-PRO_58.pdf,HEA-PRO,benchmarks/cex/all_pdfs/HEA-PRO_58.pdf,5,"Tarek Mohamed El-gohary, Abdullah M. Al-shenqiti, Sameh R. Ibrahim, Osama Ahmed Khaled, Samiha M. Abd Elkader, Clinical measurements of spinal mobility, static balance, and functional performance in healthy participants: a simple biokinesiological analysis of performance, Journal of Physical Therapy Science, 2019, Volume 31, Issue 10, Pages 771-775, Released on J-STAGE October 19, 2019, https://doi.org/10.1589/jpts.31.771 (Open Access)",,10.1589/jpts.31.771,"Clinical measurements of spinal mobility, static balance, and functional performance in healthy participants: a simple biokinesiological analysis of performance",The Journal of Physical Therapy Science,IPEC Inc.
IMM-MIC_63,IMM-MIC_63.pdf,IMM-MIC,benchmarks/cex/all_pdfs/IMM-MIC_63.pdf,14,"Jerdan, Robyn, Kuśmierska, Anna, Petric, Marija, Spiers, Andrew J., Penetrating the air–liquid interface is the key to colonization and wrinkly spreader fitness, 2019, Microbiology, 165(10), https://doi.org/10.1099/mic.0.000844 (Open Access)",2019,10.1099/mic.0.000844,Penetrating the air-liquid interface is the key to colonization and wrinkly spreader fitness,Microbiology,
BIO-GEN-MOL_12,BIO-GEN-MOL_12.pdf,BIO-GEN-MOL,benchmarks/cex/all_pdfs/BIO-GEN-MOL_12.pdf,16,"Su Tang, Nathan D Hicks, Yu-Shan Cheng, Andres Silva, Sarah M Fortune, James C Sacchettini, Structural and functional insight into the Mycobacterium tuberculosis protein PrpR reveals a novel type of transcription factor, Nucleic Acids Research, Volume 47, Issue 18, 10 October 2019, Pages 9934–9949, https://doi.org/10.1093/nar/gkz724 (Open Access)",2019,10.1093/nar/gkz724,Structural and functional insight into the Mycobacterium tuberculosis protein PrpR reveals a novel type of transcription factor,Nucleic Acids Research,Oxford University Press
ART-HUM_5,ART-HUM_5.pdf,ART_HUM,benchmarks/cex/all_pdfs/ART-HUM_5.pdf,27,"Aimee Battcock, Michael Schutz; Acoustically Expressing Affect. Music Perception 1 September 2019; 37 (1): 66–91. doi: https://doi.org/10.1525/mp.2019.37.1.66 (Restricted)",,10.1525/mp.2019.37.1.66,ACOUSTICALLY EXPRESSING AFFECT,Music Perception,
PHA-TOX-PHA_89,PHA-TOX-PHA_89.pdf,PHA-TOX-PHA,benchmarks/cex/all_pdfs/PHA-TOX-PHA_89.pdf,17,"Panchanathan Manivasagan, Van Tu Nguyen, Seung Won Jun, Giang Hoang, Sudip Mondal, Hyehyun Kim, Vu Hoang Minh Doan, Jeehyun Kim, Chang-Seok Kim, Junghwan Oh, Anti-EGFR antibody conjugated thiol chitosan-layered gold nanoshells for dual-modal imaging-guided cancer combination therapy, Journal of Controlled Release, 311–312, 2019, https://doi.org/10.1016/j.jconrel.2019.08.007. (Restricted)",2019,10.1016/j.jconrel.2019.08.007.,Anti-EGFR antibody conjugated thiol chitosan-layered gold nanoshells for dual-modal imaging-guided cancer combination therapy,Journal of Controlled Release,Elsevier
ECO-ECO-FIN_44,ECO-ECO-FIN_44.pdf,ECO-ECO-FIN,benchmarks/cex/all_pdfs/ECO-ECO-FIN_44.pdf,48,"Charoenwong, Ben, Alan Kwan, and Tarik Umar. ""Does regulatory jurisdiction affect the quality of investment-Adviser regulation?."" American Economic Review 109, no. 10 (2019): 3681-3712. doi:10.2139/ssrn.2899883 (PREPRINT)",2019,10.2139/ssrn.2899883,Does Regulatory Jurisdiction Affect the Quality of Investment-Adviser Regulation?,,
CHEM_24,CHEM_24.pdf,CHEM,benchmarks/cex/all_pdfs/CHEM_24.pdf,7,"Qingbo An, Shiyu Gan, Jianan Xu, Yu Bao, Tongshun Wu, Huijun Kong, Lijie Zhong, Yingming Ma, Zhongqian Song, Li Niu, A multichannel electrochemical all-solid-state wearable potentiometric sensor for real-time sweat ion monitoring, Electrochemistry Communications, 107 (2019). https://doi.org/10.1016/j.elecom.2019.106553. (Open Access)",2019,10.1016/j.elecom.2019.106553.,A multichannel electrochemical all-solid-state wearable potentiometric sensor for real-time sweat ion monitoring,Electrochemistry Communications,Elsevier BV
IMM-MIC_62,IMM-MIC_62.pdf,IMM-MIC,benchmarks/cex/all_pdfs/IMM-MIC_62.pdf,13,"Jessica F. Trost, Wei Wang, Bo Liang, Summer E. Galloway, Evangeline Agbogu, Lauren Byrd-Leotis, David A. Steinhauer, A conserved histidine in Group-1 influenza subtype hemagglutinin proteins is essential for membrane fusion activity, Virology, 536, 2019, https://doi.org/10.1016/j.virol.2019.08.005. (Open Acess)",2019,10.1016/j.virol.2019.08.005.,A conserved histidine in Group-1 influenza subtype hemagglutinin proteins is essential for membrane fusion activity,Virology,Elsevier
COM-SCI_26,COM-SCI_26.pdf,COM_SCI,benchmarks/cex/all_pdfs/COM-SCI_26.pdf,4,"J. Rao, T. Ao, K. Dai and X. Zou, ""ARCE: Towards Code Pointer Integrity on Embedded Processors Using Architecture-Assisted Run-Time Metadata Management,"" in IEEE Computer Architecture Letters, vol. 18, no. 2, pp. 115-118, 1 July-Dec. 2019, doi: 10.1109/LCA.2019.2935445. (Restricted)",,,ARCE: Towards Code Pointer Integrity on Embedded Processors Using Architecture-Assisted Run-Time Metadata Management,IEEE COMPUTER ARCHITECTURE LETTERS,IEEE
COM-SCI_27,COM-SCI_27.pdf,COM_SCI,benchmarks/cex/all_pdfs/COM-SCI_27.pdf,14,"Ben Mildenhall, Pratul P. Srinivasan, Rodrigo Ortiz-Cayon, Nima Khademi Kalantari, Ravi Ramamoorthi, Ren Ng, and Abhishek Kar, Local light field fusion: practical view synthesis with prescriptive sampling guidelines. ACM Trans. Graph. 38 (4) (2019). https://doi.org/10.1145/3306346.3322980 (Open Access)",,10.1145/3306346.3322980,Local Light Field Fusion: Practical View Synthesis with Prescriptive Sampling Guidelines,ACM Transactions on Graphics (TOG),Association for Computing Machinery
ECO-ECO-FIN_41,ECO-ECO-FIN_41.pdf,ECO-ECO-FIN,benchmarks/cex/all_pdfs/ECO-ECO-FIN_41.pdf,36,"Frankel, Alexander, and Emir Kamenica. 2019. ""Quantifying Information and Uncertainty."" American Economic Review, 109 (10): 3650-80. DOI: 10.1257/aer.20181897 (Restricted)",2018,,Quantifying information and uncertainty,,
CHEM_21,CHEM_21.pdf,CHEM,benchmarks/cex/all_pdfs/CHEM_21.pdf,5,"Hadi Khani, Joan F. Brennecke, Hard chromium composite electroplating on high-strength stainless steel from a Cr(III)-ionic liquid solution, Electrochemistry Communications, 107, (2019). https://doi.org/10.1016/j.elecom.2019.106537. (Open Access)",2019,10.1016/j.elecom.2019.106537.,Hard chromium composite electroplating on high-strength stainless steel from a Cr(III)-ionic liquid solution,Electrochemistry Communications,Elsevier
HEA-PRO_60,HEA-PRO_60.pdf,HEA-PRO,benchmarks/cex/all_pdfs/HEA-PRO_60.pdf,4,"Hiroshi Katoh, Effect of lateral-wedge insole on the center of foot pressure and lower extremity muscle activity at gait initiation in patients with medial knee osteoarthritis, Journal of Physical Therapy Science, 2019, Volume 31, Issue 10, Pages 776-779, Released on J-STAGE October 19, 2019, https://doi.org/10.1589/jpts.31.776 (Open Access)",,10.1589/jpts.31.776,Effect of lateral-wedge insole on the center of foot pressure and lower extremity muscle activity at gait initiation in patients with medial knee osteoarthritis,The Journal of Physical Therapy Science,IPEC Inc.
CHEM_23,CHEM_23.pdf,CHEM,benchmarks/cex/all_pdfs/CHEM_23.pdf,5,"Alisson Bezerra Martins, Alnilan Lobato, Nikola Tasić, Fernando J. Perez-Sanz, Pedro Vidinha, Thiago R.L.C. Paixão, Luís Moreira Gonçalves, Laser-pyrolyzed electrochemical paper-based analytical sensor for sulphite analysis, Electrochemistry Communications, 107 (2019). https://doi.org/10.1016/j.elecom.2019.106541. (Open Access)",2019,10.1016/j.elecom.2019.106541.,Laser-pyrolyzed electrochemical paper-based analytical sensor for sulphite analysis,Electrochemistry Communications,Elsevier BV
ECO-ECO-FIN_43,ECO-ECO-FIN_43.pdf,ECO-ECO-FIN,benchmarks/cex/all_pdfs/ECO-ECO-FIN_43.pdf,14,"Athanasios Andrikopoulos, Changyu Wang, Min Zheng, Is there still a weather anomaly? An investigation of stock and foreign exchange markets, Finance Research Letters, 30 (2019). https://doi.org/10.1016/j.frl.2019.03.026. (PREPRINT)",,10.1016/j.frl.2019.03.026.,Is There Still A Weather Anomaly? An Investigation of Stock and Foreign Exchange Markets,,
COM-SCI_25,COM-SCI_25.pdf,COM_SCI,benchmarks/cex/all_pdfs/COM-SCI_25.pdf,22,"Athreyas, N., Gupta, D. & Gupta, J. Analog signal processing solution for machine vision applications. J Real-Time Image Proc 16, 1607–1628 (2019). https://doi.org/10.1007/s11554-017-0669-4 (Open Access)",2017,10.1007/s11554-017-0669-4,Analog signal processing solution for machine vision applications,Journal of Real-Time Image Processing,Springer
ECO-ECO-FIN_42,ECO-ECO-FIN_42.pdf,ECO-ECO-FIN,benchmarks/cex/all_pdfs/ECO-ECO-FIN_42.pdf,11,"Pablo Castañeda, Lorenzo Reus, Suboptimal investment behavior and welfare costs: A simulation based approach, Finance Research Letters, 30 (2019).https://doi.org/10.1016/j.frl.2018.09.009. (Restricted)",2018,10.1016/j.frl.2018.09.009.,Suboptimal investment behavior and welfare costs: A simulation based approach,Finance Research Letters,Elsevier BV
CHEM_22,CHEM_22.pdf,CHEM,benchmarks/cex/all_pdfs/CHEM_22.pdf,6,"Zhou, Xuanbo and Li, Yunfeng and Xing, Yan and Li, Junsong and Jiang, Xin, Effects of the preparation method of Pt/g-C3N4 photocatalysts on their efficiency for visible-light hydrogen production, Dalton Trans., 48(40) (2019). http://dx.doi.org/10.1039/C9DT02938A (Restricted)",2019,,Effects of the preparation method of Pt/g-C 3 N 4 photocatalysts on their efficiency for visible-light hydrogen production,Dalton Transactions,Royal Society of Chemistry
IMM-MIC_64,IMM-MIC_64.pdf,IMM-MIC,benchmarks/cex/all_pdfs/IMM-MIC_64.pdf,9,"Kerr, Leena, Hoskisson, Paul A., Reconciling DNA replication and transcription in a hyphal organism: visualizing transcription complexes in live Streptomyces coelicolor, 2019, Microbiology, 165 (10), https://doi.org/10.1099/mic.0.000834 (Open Access)",2019,10.1099/mic.0.000834,Reconciling DNA replication and transcription in a hyphal organism: visualizing transcription complexes in live Streptomyces coelicolor,Microbiology,
MATH_69,MATH_69.pdf,MATH,benchmarks/cex/all_pdfs/MATH_69.pdf,13,"R. B. Bapat & S. K. Panda (2019) Almost self-inverse graphs, Linear and Multilinear Algebra, 67:10, 2065-2076, DOI: 10.1080/03081087.2018.1481357 (Restricted)",2018,,Almost self-inverse graphs,LINEAR AND MULTILINEAR ALGEBRA,Taylor & Francis Group
