file_id,filename,class,lang,file_path,page_count
44404,44404.pdf,1,de,EXgoldstandard/Goldstandard_EXparser/1-German_papers/1-German_papers(with_reference_section_at_end_of_paper)/1-pdfs/44404.pdf,9
47119,47119.pdf,1,de,EXgoldstandard/Goldstandard_EXparser/1-German_papers/1-German_papers(with_reference_section_at_end_of_paper)/1-pdfs/47119.pdf,7
1219,1219.pdf,1,de,EXgoldstandard/Goldstandard_EXparser/1-German_papers/1-German_papers(with_reference_section_at_end_of_paper)/1-pdfs/1219.pdf,40
45108,45108.pdf,1,de,EXgoldstandard/Goldstandard_EXparser/1-German_papers/1-German_papers(with_reference_section_at_end_of_paper)/1-pdfs/45108.pdf,5
19851,19851.pdf,1,de,EXgoldstandard/Goldstandard_EXparser/1-German_papers/1-German_papers(with_reference_section_at_end_of_paper)/1-pdfs/19851.pdf,11
21699,21699.pdf,1,de,EXgoldstandard/Goldstandard_EXparser/1-German_papers/1-German_papers(with_reference_section_at_end_of_paper)/1-pdfs/21699.pdf,37
42302,42302.pdf,1,de,EXgoldstandard/Goldstandard_EXparser/1-German_papers/1-German_papers(with_reference_section_at_end_of_paper)/1-pdfs/42302.pdf,26
12455,12455.pdf,1,de,EXgoldstandard/Goldstandard_EXparser/1-German_papers/1-German_papers(with_reference_section_at_end_of_paper)/1-pdfs/12455.pdf,18
20430,20430.pdf,1,de,EXgoldstandard/Goldstandard_EXparser/1-German_papers/1-German_papers(with_reference_section_at_end_of_paper)/1-pdfs/20430.pdf,13
31924,31924.pdf,1,de,EXgoldstandard/Goldstandard_EXparser/1-German_papers/1-German_papers(with_reference_section_at_end_of_paper)/1-pdfs/31924.pdf,79
33116,33116.pdf,1,de,EXgoldstandard/Goldstandard_EXparser/1-German_papers/1-German_papers(with_reference_section_at_end_of_paper)/1-pdfs/33116.pdf,100
18436,18436.pdf,1,de,EXgoldstandard/Goldstandard_EXparser/1-German_papers/1-German_papers(with_reference_section_at_end_of_paper)/1-pdfs/18436.pdf,11
34484,34484.pdf,1,de,EXgoldstandard/Goldstandard_EXparser/1-German_papers/1-German_papers(with_reference_section_at_end_of_paper)/1-pdfs/34484.pdf,22
27598,27598.pdf,1,de,EXgoldstandard/Goldstandard_EXparser/1-German_papers/1-German_papers(with_reference_section_at_end_of_paper)/1-pdfs/27598.pdf,8
27017,27017.pdf,1,de,EXgoldstandard/Goldstandard_EXparser/1-German_papers/1-German_papers(with_reference_section_at_end_of_paper)/1-pdfs/27017.pdf,21
20786,20786.pdf,1,de,EXgoldstandard/Goldstandard_EXparser/1-German_papers/1-German_papers(with_reference_section_at_end_of_paper)/1-pdfs/20786.pdf,30
38687,38687.pdf,1,de,EXgoldstandard/Goldstandard_EXparser/1-German_papers/1-German_papers(with_reference_section_at_end_of_paper)/1-pdfs/38687.pdf,17
11413,11413.pdf,1,de,EXgoldstandard/Goldstandard_EXparser/1-German_papers/1-German_papers(with_reference_section_at_end_of_paper)/1-pdfs/11413.pdf,28
18437,18437.pdf,1,de,EXgoldstandard/Goldstandard_EXparser/1-German_papers/1-German_papers(with_reference_section_at_end_of_paper)/1-pdfs/18437.pdf,15
40890,40890.pdf,1,de,EXgoldstandard/Goldstandard_EXparser/1-German_papers/1-German_papers(with_reference_section_at_end_of_paper)/1-pdfs/40890.pdf,7
18382,18382.pdf,1,de,EXgoldstandard/Goldstandard_EXparser/1-German_papers/1-German_papers(with_reference_section_at_end_of_paper)/1-pdfs/18382.pdf,15
41585,41585.pdf,1,de,EXgoldstandard/Goldstandard_EXparser/1-German_papers/1-German_papers(with_reference_section_at_end_of_paper)/1-pdfs/41585.pdf,5
29413,29413.pdf,1,de,EXgoldstandard/Goldstandard_EXparser/1-German_papers/1-German_papers(with_reference_section_at_end_of_paper)/1-pdfs/29413.pdf,28
31506,31506.pdf,1,de,EXgoldstandard/Goldstandard_EXparser/1-German_papers/1-German_papers(with_reference_section_at_end_of_paper)/1-pdfs/31506.pdf,21
34481,34481.pdf,1,de,EXgoldstandard/Goldstandard_EXparser/1-German_papers/1-German_papers(with_reference_section_at_end_of_paper)/1-pdfs/34481.pdf,26
34522,34522.pdf,1,de,EXgoldstandard/Goldstandard_EXparser/1-German_papers/1-German_papers(with_reference_section_at_end_of_paper)/1-pdfs/34522.pdf,23
28889,28889.pdf,1,de,EXgoldstandard/Goldstandard_EXparser/1-German_papers/1-German_papers(with_reference_section_at_end_of_paper)/1-pdfs/28889.pdf,6
12526,12526.pdf,1,de,EXgoldstandard/Goldstandard_EXparser/1-German_papers/1-German_papers(with_reference_section_at_end_of_paper)/1-pdfs/12526.pdf,103
45330,45330.pdf,1,de,EXgoldstandard/Goldstandard_EXparser/1-German_papers/1-German_papers(with_reference_section_at_end_of_paper)/1-pdfs/45330.pdf,8
39204,39204.pdf,1,de,EXgoldstandard/Goldstandard_EXparser/1-German_papers/1-German_papers(with_reference_section_at_end_of_paper)/1-pdfs/39204.pdf,6
34912,34912.pdf,1,de,EXgoldstandard/Goldstandard_EXparser/1-German_papers/1-German_papers(with_reference_section_at_end_of_paper)/1-pdfs/34912.pdf,17
4004,4004.pdf,1,de,EXgoldstandard/Goldstandard_EXparser/1-German_papers/1-German_papers(with_reference_section_at_end_of_paper)/1-pdfs/4004.pdf,16
37764,37764.pdf,1,de,EXgoldstandard/Goldstandard_EXparser/1-German_papers/1-German_papers(with_reference_section_at_end_of_paper)/1-pdfs/37764.pdf,6
28254,28254.pdf,1,de,EXgoldstandard/Goldstandard_EXparser/1-German_papers/1-German_papers(with_reference_section_at_end_of_paper)/1-pdfs/28254.pdf,18
10939,10939.pdf,1,de,EXgoldstandard/Goldstandard_EXparser/1-German_papers/1-German_papers(with_reference_section_at_end_of_paper)/1-pdfs/10939.pdf,33
32965,32965.pdf,1,de,EXgoldstandard/Goldstandard_EXparser/1-German_papers/1-German_papers(with_reference_section_at_end_of_paper)/1-pdfs/32965.pdf,208
11164,11164.pdf,1,de,EXgoldstandard/Goldstandard_EXparser/1-German_papers/1-German_papers(with_reference_section_at_end_of_paper)/1-pdfs/11164.pdf,30
10454,10454.pdf,1,de,EXgoldstandard/Goldstandard_EXparser/1-German_papers/1-German_papers(with_reference_section_at_end_of_paper)/1-pdfs/10454.pdf,12
36493,36493.pdf,1,de,EXgoldstandard/Goldstandard_EXparser/1-German_papers/1-German_papers(with_reference_section_at_end_of_paper)/1-pdfs/36493.pdf,8
32420,32420.pdf,1,de,EXgoldstandard/Goldstandard_EXparser/1-German_papers/1-German_papers(with_reference_section_at_end_of_paper)/1-pdfs/32420.pdf,4
28444,28444.pdf,1,de,EXgoldstandard/Goldstandard_EXparser/1-German_papers/1-German_papers(with_reference_section_at_end_of_paper)/1-pdfs/28444.pdf,100
1181,1181.pdf,1,de,EXgoldstandard/Goldstandard_EXparser/1-German_papers/1-German_papers(with_reference_section_at_end_of_paper)/1-pdfs/1181.pdf,16
32408,32408.pdf,1,de,EXgoldstandard/Goldstandard_EXparser/1-German_papers/1-German_papers(with_reference_section_at_end_of_paper)/1-pdfs/32408.pdf,25
36684,36684.pdf,1,de,EXgoldstandard/Goldstandard_EXparser/1-German_papers/1-German_papers(with_reference_section_at_end_of_paper)/1-pdfs/36684.pdf,8
39206,39206.pdf,1,de,EXgoldstandard/Goldstandard_EXparser/1-German_papers/1-German_papers(with_reference_section_at_end_of_paper)/1-pdfs/39206.pdf,9
36492,36492.pdf,1,de,EXgoldstandard/Goldstandard_EXparser/1-German_papers/1-German_papers(with_reference_section_at_end_of_paper)/1-pdfs/36492.pdf,16
50111,50111.pdf,1,de,EXgoldstandard/Goldstandard_EXparser/1-German_papers/1-German_papers(with_reference_section_at_end_of_paper)/1-pdfs/50111.pdf,13
27414,27414.pdf,1,de,EXgoldstandard/Goldstandard_EXparser/1-German_papers/1-German_papers(with_reference_section_at_end_of_paper)/1-pdfs/27414.pdf,8
20804,20804.pdf,1,de,EXgoldstandard/Goldstandard_EXparser/1-German_papers/1-German_papers(with_reference_section_at_end_of_paper)/1-pdfs/20804.pdf,17
18495,18495.pdf,1,de,EXgoldstandard/Goldstandard_EXparser/1-German_papers/1-German_papers(with_reference_section_at_end_of_paper)/1-pdfs/18495.pdf,15
23371,23371.pdf,1,de,EXgoldstandard/Goldstandard_EXparser/1-German_papers/1-German_papers(with_reference_section_at_end_of_paper)/1-pdfs/23371.pdf,34
38962,38962.pdf,1,de,EXgoldstandard/Goldstandard_EXparser/1-German_papers/1-German_papers(with_reference_section_at_end_of_paper)/1-pdfs/38962.pdf,21
6065,6065.pdf,1,de,EXgoldstandard/Goldstandard_EXparser/1-German_papers/1-German_papers(with_reference_section_at_end_of_paper)/1-pdfs/6065.pdf,15
48117,48117.pdf,1,de,EXgoldstandard/Goldstandard_EXparser/1-German_papers/1-German_papers(with_reference_section_at_end_of_paper)/1-pdfs/48117.pdf,6
40239,40239.pdf,1,de,EXgoldstandard/Goldstandard_EXparser/1-German_papers/1-German_papers(with_reference_section_at_end_of_paper)/1-pdfs/40239.pdf,12
40991,40991.pdf,1,de,EXgoldstandard/Goldstandard_EXparser/1-German_papers/1-German_papers(with_reference_section_at_end_of_paper)/1-pdfs/40991.pdf,30
34793,34793.pdf,1,de,EXgoldstandard/Goldstandard_EXparser/1-German_papers/1-German_papers(with_reference_section_at_end_of_paper)/1-pdfs/34793.pdf,14
39260,39260.pdf,1,de,EXgoldstandard/Goldstandard_EXparser/1-German_papers/1-German_papers(with_reference_section_at_end_of_paper)/1-pdfs/39260.pdf,3
12797,12797.pdf,1,de,EXgoldstandard/Goldstandard_EXparser/1-German_papers/1-German_papers(with_reference_section_at_end_of_paper)/1-pdfs/12797.pdf,12
33759,33759.pdf,1,de,EXgoldstandard/Goldstandard_EXparser/1-German_papers/1-German_papers(with_reference_section_at_end_of_paper)/1-pdfs/33759.pdf,51
21375,21375.pdf,1,de,EXgoldstandard/Goldstandard_EXparser/1-German_papers/1-German_papers(with_reference_section_at_end_of_paper)/1-pdfs/21375.pdf,4
24635,24635.pdf,1,de,EXgoldstandard/Goldstandard_EXparser/1-German_papers/1-German_papers(with_reference_section_at_end_of_paper)/1-pdfs/24635.pdf,32
26236,26236.pdf,1,de,EXgoldstandard/Goldstandard_EXparser/1-German_papers/1-German_papers(with_reference_section_at_end_of_paper)/1-pdfs/26236.pdf,74
45544,45544.pdf,1,de,EXgoldstandard/Goldstandard_EXparser/1-German_papers/1-German_papers(with_reference_section_at_end_of_paper)/1-pdfs/45544.pdf,23
11129,11129.pdf,1,de,EXgoldstandard/Goldstandard_EXparser/1-German_papers/1-German_papers(with_reference_section_at_end_of_paper)/1-pdfs/11129.pdf,37
24743,24743.pdf,1,de,EXgoldstandard/Goldstandard_EXparser/1-German_papers/1-German_papers(with_reference_section_at_end_of_paper)/1-pdfs/24743.pdf,22
38381,38381.pdf,1,de,EXgoldstandard/Goldstandard_EXparser/1-German_papers/1-German_papers(with_reference_section_at_end_of_paper)/1-pdfs/38381.pdf,22
27048,27048.pdf,1,de,EXgoldstandard/Goldstandard_EXparser/1-German_papers/1-German_papers(with_reference_section_at_end_of_paper)/1-pdfs/27048.pdf,26
38183,38183.pdf,1,de,EXgoldstandard/Goldstandard_EXparser/1-German_papers/1-German_papers(with_reference_section_at_end_of_paper)/1-pdfs/38183.pdf,21
18508,18508.pdf,1,de,EXgoldstandard/Goldstandard_EXparser/1-German_papers/1-German_papers(with_reference_section_at_end_of_paper)/1-pdfs/18508.pdf,10
34753,34753.pdf,1,de,EXgoldstandard/Goldstandard_EXparser/1-German_papers/1-German_papers(with_reference_section_at_end_of_paper)/1-pdfs/34753.pdf,19
18291,18291.pdf,1,de,EXgoldstandard/Goldstandard_EXparser/1-German_papers/1-German_papers(with_reference_section_at_end_of_paper)/1-pdfs/18291.pdf,12
39854,39854.pdf,1,de,EXgoldstandard/Goldstandard_EXparser/1-German_papers/1-German_papers(with_reference_section_at_end_of_paper)/1-pdfs/39854.pdf,21
48511,48511.pdf,1,de,EXgoldstandard/Goldstandard_EXparser/1-German_papers/1-German_papers(with_reference_section_at_end_of_paper)/1-pdfs/48511.pdf,10
48277,48277.pdf,1,de,EXgoldstandard/Goldstandard_EXparser/1-German_papers/1-German_papers(with_reference_section_at_end_of_paper)/1-pdfs/48277.pdf,10
27667,27667.pdf,1,de,EXgoldstandard/Goldstandard_EXparser/1-German_papers/1-German_papers(with_reference_section_at_end_of_paper)/1-pdfs/27667.pdf,8
6926,6926.pdf,1,de,EXgoldstandard/Goldstandard_EXparser/1-German_papers/1-German_papers(with_reference_section_at_end_of_paper)/1-pdfs/6926.pdf,23
35267,35267.pdf,1,de,EXgoldstandard/Goldstandard_EXparser/1-German_papers/1-German_papers(with_reference_section_at_end_of_paper)/1-pdfs/35267.pdf,86
44475,44475.pdf,1,de,EXgoldstandard/Goldstandard_EXparser/1-German_papers/1-German_papers(with_reference_section_at_end_of_paper)/1-pdfs/44475.pdf,8
11448,11448.pdf,1,de,EXgoldstandard/Goldstandard_EXparser/1-German_papers/1-German_papers(with_reference_section_at_end_of_paper)/1-pdfs/11448.pdf,34
47168,47168.pdf,1,de,EXgoldstandard/Goldstandard_EXparser/1-German_papers/1-German_papers(with_reference_section_at_end_of_paper)/1-pdfs/47168.pdf,27
36593,36593.pdf,1,de,EXgoldstandard/Goldstandard_EXparser/1-German_papers/1-German_papers(with_reference_section_at_end_of_paper)/1-pdfs/36593.pdf,22
47961,47961.pdf,1,de,EXgoldstandard/Goldstandard_EXparser/1-German_papers/1-German_papers(with_reference_section_at_end_of_paper)/1-pdfs/47961.pdf,13
20044,20044.pdf,1,de,EXgoldstandard/Goldstandard_EXparser/1-German_papers/1-German_papers(with_reference_section_at_end_of_paper)/1-pdfs/20044.pdf,24
16521,16521.pdf,1,de,EXgoldstandard/Goldstandard_EXparser/1-German_papers/1-German_papers(with_reference_section_at_end_of_paper)/1-pdfs/16521.pdf,21
19174,19174.pdf,1,de,EXgoldstandard/Goldstandard_EXparser/1-German_papers/1-German_papers(with_reference_section_at_end_of_paper)/1-pdfs/19174.pdf,10
36815,36815.pdf,1,de,EXgoldstandard/Goldstandard_EXparser/1-German_papers/1-German_papers(with_reference_section_at_end_of_paper)/1-pdfs/36815.pdf,62
18257,18257.pdf,1,de,EXgoldstandard/Goldstandard_EXparser/1-German_papers/1-German_papers(with_reference_section_at_end_of_paper)/1-pdfs/18257.pdf,11
35306,35306.pdf,1,de,EXgoldstandard/Goldstandard_EXparser/1-German_papers/1-German_papers(with_reference_section_at_end_of_paper)/1-pdfs/35306.pdf,8
11703,11703.pdf,1,de,EXgoldstandard/Goldstandard_EXparser/1-German_papers/1-German_papers(with_reference_section_at_end_of_paper)/1-pdfs/11703.pdf,34
118633,118633.pdf,1,de,EXgoldstandard/Goldstandard_EXparser/1-German_papers/1-German_papers(with_reference_section_at_end_of_paper)/1-pdfs/118633.pdf,17
32521,32521.pdf,1,de,EXgoldstandard/Goldstandard_EXparser/1-German_papers/1-German_papers(with_reference_section_at_end_of_paper)/1-pdfs/32521.pdf,12
39476,39476.pdf,1,de,EXgoldstandard/Goldstandard_EXparser/1-German_papers/1-German_papers(with_reference_section_at_end_of_paper)/1-pdfs/39476.pdf,21
44099,44099.pdf,1,de,EXgoldstandard/Goldstandard_EXparser/1-German_papers/1-German_papers(with_reference_section_at_end_of_paper)/1-pdfs/44099.pdf,27
18268,18268.pdf,1,de,EXgoldstandard/Goldstandard_EXparser/1-German_papers/1-German_papers(with_reference_section_at_end_of_paper)/1-pdfs/18268.pdf,8
11258,11258.pdf,1,de,EXgoldstandard/Goldstandard_EXparser/1-German_papers/1-German_papers(with_reference_section_at_end_of_paper)/1-pdfs/11258.pdf,23
24817,24817.pdf,1,de,EXgoldstandard/Goldstandard_EXparser/1-German_papers/1-German_papers(with_reference_section_at_end_of_paper)/1-pdfs/24817.pdf,30
48259,48259.pdf,1,de,EXgoldstandard/Goldstandard_EXparser/1-German_papers/1-German_papers(with_reference_section_at_end_of_paper)/1-pdfs/48259.pdf,14
10967,10967.pdf,1,de,EXgoldstandard/Goldstandard_EXparser/1-German_papers/1-German_papers(with_reference_section_at_end_of_paper)/1-pdfs/10967.pdf,32
37466,37466.pdf,1,de,EXgoldstandard/Goldstandard_EXparser/1-German_papers/1-German_papers(with_reference_section_at_end_of_paper)/1-pdfs/37466.pdf,32
19943,19943.pdf,1,de,EXgoldstandard/Goldstandard_EXparser/1-German_papers/1-German_papers(with_reference_section_at_end_of_paper)/1-pdfs/19943.pdf,14
27644,27644.pdf,1,de,EXgoldstandard/Goldstandard_EXparser/1-German_papers/1-German_papers(with_reference_section_at_end_of_paper)/1-pdfs/27644.pdf,8
4135,4135.pdf,1,de,EXgoldstandard/Goldstandard_EXparser/1-German_papers/1-German_papers(with_reference_section_at_end_of_paper)/1-pdfs/4135.pdf,15
39678,39678.pdf,1,de,EXgoldstandard/Goldstandard_EXparser/1-German_papers/1-German_papers(with_reference_section_at_end_of_paper)/1-pdfs/39678.pdf,18
39056,39056.pdf,1,de,EXgoldstandard/Goldstandard_EXparser/1-German_papers/1-German_papers(with_reference_section_at_end_of_paper)/1-pdfs/39056.pdf,16
11916,11916.pdf,1,de,EXgoldstandard/Goldstandard_EXparser/1-German_papers/1-German_papers(with_reference_section_at_end_of_paper)/1-pdfs/11916.pdf,24
18503,18503.pdf,1,de,EXgoldstandard/Goldstandard_EXparser/1-German_papers/1-German_papers(with_reference_section_at_end_of_paper)/1-pdfs/18503.pdf,7
19147,19147.pdf,1,de,EXgoldstandard/Goldstandard_EXparser/1-German_papers/1-German_papers(with_reference_section_at_end_of_paper)/1-pdfs/19147.pdf,21
44282,44282.pdf,1,de,EXgoldstandard/Goldstandard_EXparser/1-German_papers/1-German_papers(with_reference_section_at_end_of_paper)/1-pdfs/44282.pdf,8
1528,1528.pdf,1,de,EXgoldstandard/Goldstandard_EXparser/1-German_papers/1-German_papers(with_reference_section_at_end_of_paper)/1-pdfs/1528.pdf,25
38942,38942.pdf,1,de,EXgoldstandard/Goldstandard_EXparser/1-German_papers/1-German_papers(with_reference_section_at_end_of_paper)/1-pdfs/38942.pdf,13
3854,3854.pdf,1,de,EXgoldstandard/Goldstandard_EXparser/1-German_papers/1-German_papers(with_reference_section_at_end_of_paper)/1-pdfs/3854.pdf,10
39337,39337.pdf,1,de,EXgoldstandard/Goldstandard_EXparser/1-German_papers/1-German_papers(with_reference_section_at_end_of_paper)/1-pdfs/39337.pdf,3
44451,44451.pdf,1,de,EXgoldstandard/Goldstandard_EXparser/1-German_papers/1-German_papers(with_reference_section_at_end_of_paper)/1-pdfs/44451.pdf,17
35733,35733.pdf,1,de,EXgoldstandard/Goldstandard_EXparser/1-German_papers/1-German_papers(with_reference_section_at_end_of_paper)/1-pdfs/35733.pdf,9
28776,28776.pdf,1,de,EXgoldstandard/Goldstandard_EXparser/1-German_papers/1-German_papers(with_reference_section_at_end_of_paper)/1-pdfs/28776.pdf,12
1516,1516.pdf,1,de,EXgoldstandard/Goldstandard_EXparser/1-German_papers/1-German_papers(with_reference_section_at_end_of_paper)/1-pdfs/1516.pdf,16
41105,41105.pdf,1,de,EXgoldstandard/Goldstandard_EXparser/1-German_papers/1-German_papers(with_reference_section_at_end_of_paper)/1-pdfs/41105.pdf,46
21356,21356.pdf,1,de,EXgoldstandard/Goldstandard_EXparser/1-German_papers/1-German_papers(with_reference_section_at_end_of_paper)/1-pdfs/21356.pdf,6
27055,27055.pdf,1,de,EXgoldstandard/Goldstandard_EXparser/1-German_papers/1-German_papers(with_reference_section_at_end_of_paper)/1-pdfs/27055.pdf,4
18514,18514.pdf,1,de,EXgoldstandard/Goldstandard_EXparser/1-German_papers/1-German_papers(with_reference_section_at_end_of_paper)/1-pdfs/18514.pdf,8
43934,43934.pdf,1,de,EXgoldstandard/Goldstandard_EXparser/1-German_papers/1-German_papers(with_reference_section_at_end_of_paper)/1-pdfs/43934.pdf,14
27493,27493.pdf,1,de,EXgoldstandard/Goldstandard_EXparser/1-German_papers/1-German_papers(with_reference_section_at_end_of_paper)/1-pdfs/27493.pdf,9
45570,45570.pdf,1,de,EXgoldstandard/Goldstandard_EXparser/1-German_papers/1-German_papers(with_reference_section_at_end_of_paper)/1-pdfs/45570.pdf,5
32707,32707.pdf,1,de,EXgoldstandard/Goldstandard_EXparser/1-German_papers/1-German_papers(with_reference_section_at_end_of_paper)/1-pdfs/32707.pdf,282
44849,44849.pdf,1,de,EXgoldstandard/Goldstandard_EXparser/1-German_papers/1-German_papers(with_reference_section_at_end_of_paper)/1-pdfs/44849.pdf,5
46910,46910.pdf,1,de,EXgoldstandard/Goldstandard_EXparser/1-German_papers/1-German_papers(with_reference_section_at_end_of_paper)/1-pdfs/46910.pdf,14
27646,27646.pdf,1,de,EXgoldstandard/Goldstandard_EXparser/1-German_papers/1-German_papers(with_reference_section_at_end_of_paper)/1-pdfs/27646.pdf,8
39454,39454.pdf,1,de,EXgoldstandard/Goldstandard_EXparser/1-German_papers/1-German_papers(with_reference_section_at_end_of_paper)/1-pdfs/39454.pdf,20
34158,34158.pdf,1,de,EXgoldstandard/Goldstandard_EXparser/1-German_papers/1-German_papers(with_reference_section_at_end_of_paper)/1-pdfs/34158.pdf,55
27695,27695.pdf,1,de,EXgoldstandard/Goldstandard_EXparser/1-German_papers/1-German_papers(with_reference_section_at_end_of_paper)/1-pdfs/27695.pdf,8
21582,21582.pdf,1,de,EXgoldstandard/Goldstandard_EXparser/1-German_papers/1-German_papers(with_reference_section_at_end_of_paper)/1-pdfs/21582.pdf,12
26992,26992.pdf,1,de,EXgoldstandard/Goldstandard_EXparser/1-German_papers/1-German_papers(with_reference_section_at_end_of_paper)/1-pdfs/26992.pdf,18
30855,30855.pdf,1,de,EXgoldstandard/Goldstandard_EXparser/1-German_papers/1-German_papers(with_reference_section_at_end_of_paper)/1-pdfs/30855.pdf,64
17232,17232.pdf,1,de,EXgoldstandard/Goldstandard_EXparser/1-German_papers/1-German_papers(with_reference_section_at_end_of_paper)/1-pdfs/17232.pdf,17
34776,34776.pdf,1,de,EXgoldstandard/Goldstandard_EXparser/1-German_papers/1-German_papers(with_reference_section_at_end_of_paper)/1-pdfs/34776.pdf,18
34951,34951.pdf,1,de,EXgoldstandard/Goldstandard_EXparser/1-German_papers/1-German_papers(with_reference_section_at_end_of_paper)/1-pdfs/34951.pdf,6
36820,36820.pdf,1,de,EXgoldstandard/Goldstandard_EXparser/1-German_papers/1-German_papers(with_reference_section_at_end_of_paper)/1-pdfs/36820.pdf,55
40753,40753.pdf,1,de,EXgoldstandard/Goldstandard_EXparser/1-German_papers/1-German_papers(with_reference_section_at_end_of_paper)/1-pdfs/40753.pdf,55
35441,35441.pdf,1,de,EXgoldstandard/Goldstandard_EXparser/1-German_papers/1-German_papers(with_reference_section_at_end_of_paper)/1-pdfs/35441.pdf,15
10831,10831.pdf,1,de,EXgoldstandard/Goldstandard_EXparser/1-German_papers/1-German_papers(with_reference_section_at_end_of_paper)/1-pdfs/10831.pdf,12
41101,41101.pdf,1,de,EXgoldstandard/Goldstandard_EXparser/1-German_papers/1-German_papers(with_reference_section_at_end_of_paper)/1-pdfs/41101.pdf,21
17421,17421.pdf,1,de,EXgoldstandard/Goldstandard_EXparser/1-German_papers/1-German_papers(with_reference_section_at_end_of_paper)/1-pdfs/17421.pdf,20
48858,48858.pdf,1,de,EXgoldstandard/Goldstandard_EXparser/1-German_papers/1-German_papers(with_reference_section_at_end_of_paper)/1-pdfs/48858.pdf,16
27482,27482.pdf,1,de,EXgoldstandard/Goldstandard_EXparser/1-German_papers/1-German_papers(with_reference_section_at_end_of_paper)/1-pdfs/27482.pdf,8
17233,17233.pdf,1,de,EXgoldstandard/Goldstandard_EXparser/1-German_papers/1-German_papers(with_reference_section_at_end_of_paper)/1-pdfs/17233.pdf,9
18666,18666.pdf,1,de,EXgoldstandard/Goldstandard_EXparser/1-German_papers/1-German_papers(with_reference_section_at_end_of_paper)/1-pdfs/18666.pdf,2
48284,48284.pdf,1,de,EXgoldstandard/Goldstandard_EXparser/1-German_papers/1-German_papers(with_reference_section_at_end_of_paper)/1-pdfs/48284.pdf,4
22077,22077.pdf,1,de,EXgoldstandard/Goldstandard_EXparser/1-German_papers/1-German_papers(with_reference_section_at_end_of_paper)/1-pdfs/22077.pdf,64
6041,6041.pdf,1,de,EXgoldstandard/Goldstandard_EXparser/1-German_papers/1-German_papers(with_reference_section_at_end_of_paper)/1-pdfs/6041.pdf,13
42768,42768.pdf,1,de,EXgoldstandard/Goldstandard_EXparser/1-German_papers/1-German_papers(with_reference_section_at_end_of_paper)/1-pdfs/42768.pdf,110
44133,44133.pdf,1,de,EXgoldstandard/Goldstandard_EXparser/1-German_papers/1-German_papers(with_reference_section_at_end_of_paper)/1-pdfs/44133.pdf,36
44735,44735.pdf,1,de,EXgoldstandard/Goldstandard_EXparser/1-German_papers/1-German_papers(with_reference_section_at_end_of_paper)/1-pdfs/44735.pdf,11
17345,17345.pdf,1,de,EXgoldstandard/Goldstandard_EXparser/1-German_papers/1-German_papers(with_reference_section_at_end_of_paper)/1-pdfs/17345.pdf,13
28348,28348.pdf,1,de,EXgoldstandard/Goldstandard_EXparser/1-German_papers/1-German_papers(with_reference_section_at_end_of_paper)/1-pdfs/28348.pdf,30
11721,11721.pdf,1,de,EXgoldstandard/Goldstandard_EXparser/1-German_papers/1-German_papers(with_reference_section_at_end_of_paper)/1-pdfs/11721.pdf,66
48046,48046.pdf,1,de,EXgoldstandard/Goldstandard_EXparser/1-German_papers/1-German_papers(with_reference_section_at_end_of_paper)/1-pdfs/48046.pdf,18
18473,18473.pdf,1,de,EXgoldstandard/Goldstandard_EXparser/1-German_papers/1-German_papers(with_reference_section_at_end_of_paper)/1-pdfs/18473.pdf,12
27640,27640.pdf,1,de,EXgoldstandard/Goldstandard_EXparser/1-German_papers/1-German_papers(with_reference_section_at_end_of_paper)/1-pdfs/27640.pdf,9
32265,32265.pdf,1,de,EXgoldstandard/Goldstandard_EXparser/1-German_papers/1-German_papers(with_reference_section_at_end_of_paper)/1-pdfs/32265.pdf,39
45288,45288.pdf,1,de,EXgoldstandard/Goldstandard_EXparser/1-German_papers/1-German_papers(with_reference_section_at_end_of_paper)/1-pdfs/45288.pdf,15
50120,50120.pdf,1,de,EXgoldstandard/Goldstandard_EXparser/1-German_papers/1-German_papers(with_reference_section_at_end_of_paper)/1-pdfs/50120.pdf,24
17492,17492.pdf,1,de,EXgoldstandard/Goldstandard_EXparser/1-German_papers/1-German_papers(with_reference_section_at_end_of_paper)/1-pdfs/17492.pdf,13
28662,28662.pdf,1,de,EXgoldstandard/Goldstandard_EXparser/1-German_papers/1-German_papers(with_reference_section_at_end_of_paper)/1-pdfs/28662.pdf,8
38465,38465.pdf,1,de,EXgoldstandard/Goldstandard_EXparser/1-German_papers/1-German_papers(with_reference_section_at_end_of_paper)/1-pdfs/38465.pdf,12
11593,11593.pdf,1,de,EXgoldstandard/Goldstandard_EXparser/1-German_papers/1-German_papers(with_reference_section_at_end_of_paper)/1-pdfs/11593.pdf,40
18549,18549.pdf,1,de,EXgoldstandard/Goldstandard_EXparser/1-German_papers/1-German_papers(with_reference_section_at_end_of_paper)/1-pdfs/18549.pdf,13
48424,48424.pdf,1,de,EXgoldstandard/Goldstandard_EXparser/1-German_papers/1-German_papers(with_reference_section_at_end_of_paper)/1-pdfs/48424.pdf,7
45841,45841.pdf,1,de,EXgoldstandard/Goldstandard_EXparser/1-German_papers/1-German_papers(with_reference_section_at_end_of_paper)/1-pdfs/45841.pdf,8
21690,21690.pdf,1,de,EXgoldstandard/Goldstandard_EXparser/1-German_papers/1-German_papers(with_reference_section_at_end_of_paper)/1-pdfs/21690.pdf,29
17322,17322.pdf,1,de,EXgoldstandard/Goldstandard_EXparser/1-German_papers/1-German_papers(with_reference_section_at_end_of_paper)/1-pdfs/17322.pdf,9
37757,37757.pdf,1,de,EXgoldstandard/Goldstandard_EXparser/1-German_papers/1-German_papers(with_reference_section_at_end_of_paper)/1-pdfs/37757.pdf,16
6026,6026.pdf,1,de,EXgoldstandard/Goldstandard_EXparser/1-German_papers/1-German_papers(with_reference_section_at_end_of_paper)/1-pdfs/6026.pdf,11
34869,34869.pdf,1,de,EXgoldstandard/Goldstandard_EXparser/1-German_papers/1-German_papers(with_reference_section_at_end_of_paper)/1-pdfs/34869.pdf,19
48550,48550.pdf,1,de,EXgoldstandard/Goldstandard_EXparser/1-German_papers/1-German_papers(with_reference_section_at_end_of_paper)/1-pdfs/48550.pdf,3
3823,3823.pdf,1,de,EXgoldstandard/Goldstandard_EXparser/1-German_papers/1-German_papers(with_reference_section_at_end_of_paper)/1-pdfs/3823.pdf,12
32567,32567.pdf,1,de,EXgoldstandard/Goldstandard_EXparser/1-German_papers/1-German_papers(with_reference_section_at_end_of_paper)/1-pdfs/32567.pdf,16
22006,22006.pdf,1,de,EXgoldstandard/Goldstandard_EXparser/1-German_papers/1-German_papers(with_reference_section_at_end_of_paper)/1-pdfs/22006.pdf,14
18417,18417.pdf,1,de,EXgoldstandard/Goldstandard_EXparser/1-German_papers/1-German_papers(with_reference_section_at_end_of_paper)/1-pdfs/18417.pdf,14
48208,48208.pdf,1,de,EXgoldstandard/Goldstandard_EXparser/1-German_papers/1-German_papers(with_reference_section_at_end_of_paper)/1-pdfs/48208.pdf,184
33447,33447.pdf,1,de,EXgoldstandard/Goldstandard_EXparser/1-German_papers/1-German_papers(with_reference_section_at_end_of_paper)/1-pdfs/33447.pdf,16
27432,27432.pdf,1,de,EXgoldstandard/Goldstandard_EXparser/1-German_papers/1-German_papers(with_reference_section_at_end_of_paper)/1-pdfs/27432.pdf,9
35778,35778.pdf,1,de,EXgoldstandard/Goldstandard_EXparser/1-German_papers/1-German_papers(with_reference_section_at_end_of_paper)/1-pdfs/35778.pdf,32
24846,24846.pdf,1,de,EXgoldstandard/Goldstandard_EXparser/1-German_papers/1-German_papers(with_reference_section_at_end_of_paper)/1-pdfs/24846.pdf,29
48181,48181.pdf,1,de,EXgoldstandard/Goldstandard_EXparser/1-German_papers/1-German_papers(with_reference_section_at_end_of_paper)/1-pdfs/48181.pdf,6
42309,42309.pdf,1,de,EXgoldstandard/Goldstandard_EXparser/1-German_papers/1-German_papers(with_reference_section_at_end_of_paper)/1-pdfs/42309.pdf,105
27787,27787.pdf,1,de,EXgoldstandard/Goldstandard_EXparser/1-German_papers/1-German_papers(with_reference_section_at_end_of_paper)/1-pdfs/27787.pdf,3
28488,28488.pdf,1,de,EXgoldstandard/Goldstandard_EXparser/1-German_papers/1-German_papers(with_reference_section_at_end_of_paper)/1-pdfs/28488.pdf,72
40052,40052.pdf,1,de,EXgoldstandard/Goldstandard_EXparser/1-German_papers/1-German_papers(with_reference_section_at_end_of_paper)/1-pdfs/40052.pdf,25
19899,19899.pdf,1,de,EXgoldstandard/Goldstandard_EXparser/1-German_papers/1-German_papers(with_reference_section_at_end_of_paper)/1-pdfs/19899.pdf,6
44553,44553.pdf,1,de,EXgoldstandard/Goldstandard_EXparser/1-German_papers/1-German_papers(with_reference_section_at_end_of_paper)/1-pdfs/44553.pdf,13
12715,12715.pdf,1,de,EXgoldstandard/Goldstandard_EXparser/1-German_papers/1-German_papers(with_reference_section_at_end_of_paper)/1-pdfs/12715.pdf,30
28338,28338.pdf,1,de,EXgoldstandard/Goldstandard_EXparser/1-German_papers/1-German_papers(with_reference_section_at_end_of_paper)/1-pdfs/28338.pdf,51
23325,23325.pdf,1,de,EXgoldstandard/Goldstandard_EXparser/1-German_papers/1-German_papers(with_reference_section_at_end_of_paper)/1-pdfs/23325.pdf,21
45715,45715.pdf,1,de,EXgoldstandard/Goldstandard_EXparser/1-German_papers/1-German_papers(with_reference_section_at_end_of_paper)/1-pdfs/45715.pdf,11
18189,18189.pdf,1,de,EXgoldstandard/Goldstandard_EXparser/1-German_papers/1-German_papers(with_reference_section_at_end_of_paper)/1-pdfs/18189.pdf,8
39796,39796.pdf,1,de,EXgoldstandard/Goldstandard_EXparser/1-German_papers/1-German_papers(with_reference_section_at_end_of_paper)/1-pdfs/39796.pdf,31
38675,38675.pdf,1,de,EXgoldstandard/Goldstandard_EXparser/1-German_papers/1-German_papers(with_reference_section_at_end_of_paper)/1-pdfs/38675.pdf,4
16563,16563.pdf,1,de,EXgoldstandard/Goldstandard_EXparser/1-German_papers/1-German_papers(with_reference_section_at_end_of_paper)/1-pdfs/16563.pdf,14
39580,39580.pdf,1,de,EXgoldstandard/Goldstandard_EXparser/1-German_papers/1-German_papers(with_reference_section_at_end_of_paper)/1-pdfs/39580.pdf,16
12248,12248.pdf,1,de,EXgoldstandard/Goldstandard_EXparser/1-German_papers/1-German_papers(with_reference_section_at_end_of_paper)/1-pdfs/12248.pdf,12
2681,2681.pdf,1,de,EXgoldstandard/Goldstandard_EXparser/1-German_papers/1-German_papers(with_reference_section_at_end_of_paper)/1-pdfs/2681.pdf,12
41980,41980.pdf,1,de,EXgoldstandard/Goldstandard_EXparser/1-German_papers/1-German_papers(with_reference_section_at_end_of_paper)/1-pdfs/41980.pdf,33
11190,11190.pdf,1,de,EXgoldstandard/Goldstandard_EXparser/1-German_papers/1-German_papers(with_reference_section_at_end_of_paper)/1-pdfs/11190.pdf,39
34310,34310.pdf,1,de,EXgoldstandard/Goldstandard_EXparser/1-German_papers/1-German_papers(with_reference_section_at_end_of_paper)/1-pdfs/34310.pdf,24
11423,11423.pdf,1,de,EXgoldstandard/Goldstandard_EXparser/1-German_papers/1-German_papers(with_reference_section_at_end_of_paper)/1-pdfs/11423.pdf,20
32211,32211.pdf,1,de,EXgoldstandard/Goldstandard_EXparser/1-German_papers/1-German_papers(with_reference_section_at_end_of_paper)/1-pdfs/32211.pdf,33
39434,39434.pdf,1,de,EXgoldstandard/Goldstandard_EXparser/1-German_papers/1-German_papers(with_reference_section_at_end_of_paper)/1-pdfs/39434.pdf,10
45272,45272.pdf,1,de,EXgoldstandard/Goldstandard_EXparser/1-German_papers/1-German_papers(with_reference_section_at_end_of_paper)/1-pdfs/45272.pdf,24
48150,48150.pdf,1,de,EXgoldstandard/Goldstandard_EXparser/1-German_papers/1-German_papers(with_reference_section_at_end_of_paper)/1-pdfs/48150.pdf,10
5675,5675.pdf,1,de,EXgoldstandard/Goldstandard_EXparser/1-German_papers/1-German_papers(with_reference_section_at_end_of_paper)/1-pdfs/5675.pdf,24
30799,30799.pdf,1,de,EXgoldstandard/Goldstandard_EXparser/1-German_papers/1-German_papers(with_reference_section_at_end_of_paper)/1-pdfs/30799.pdf,40
48144,48144.pdf,1,de,EXgoldstandard/Goldstandard_EXparser/1-German_papers/1-German_papers(with_reference_section_at_end_of_paper)/1-pdfs/48144.pdf,10
32415,32415.pdf,1,de,EXgoldstandard/Goldstandard_EXparser/1-German_papers/1-German_papers(with_reference_section_at_end_of_paper)/1-pdfs/32415.pdf,9
20011,20011.pdf,1,de,EXgoldstandard/Goldstandard_EXparser/1-German_papers/1-German_papers(with_reference_section_at_end_of_paper)/1-pdfs/20011.pdf,67
38850,38850.pdf,1,de,EXgoldstandard/Goldstandard_EXparser/1-German_papers/1-German_papers(with_reference_section_at_end_of_paper)/1-pdfs/38850.pdf,31
21332,21332.pdf,1,de,EXgoldstandard/Goldstandard_EXparser/1-German_papers/1-German_papers(with_reference_section_at_end_of_paper)/1-pdfs/21332.pdf,5
31121,31121.pdf,1,de,EXgoldstandard/Goldstandard_EXparser/1-German_papers/1-German_papers(with_reference_section_at_end_of_paper)/1-pdfs/31121.pdf,8
17253,17253.pdf,1,de,EXgoldstandard/Goldstandard_EXparser/1-German_papers/1-German_papers(with_reference_section_at_end_of_paper)/1-pdfs/17253.pdf,10
4605,4605.pdf,2,de,EXgoldstandard/Goldstandard_EXparser/1-German_papers/2-German_papers(with_reference_in_footnote)/1-pdfs/4605.pdf,4
3169,3169.pdf,2,de,EXgoldstandard/Goldstandard_EXparser/1-German_papers/2-German_papers(with_reference_in_footnote)/1-pdfs/3169.pdf,29
41740,41740.pdf,2,de,EXgoldstandard/Goldstandard_EXparser/1-German_papers/2-German_papers(with_reference_in_footnote)/1-pdfs/41740.pdf,4
20178,20178.pdf,2,de,EXgoldstandard/Goldstandard_EXparser/1-German_papers/2-German_papers(with_reference_in_footnote)/1-pdfs/20178.pdf,7
31920,31920.pdf,2,de,EXgoldstandard/Goldstandard_EXparser/1-German_papers/2-German_papers(with_reference_in_footnote)/1-pdfs/31920.pdf,9
36025,36025.pdf,2,de,EXgoldstandard/Goldstandard_EXparser/1-German_papers/2-German_papers(with_reference_in_footnote)/1-pdfs/36025.pdf,5
39677,39677.pdf,2,de,EXgoldstandard/Goldstandard_EXparser/1-German_papers/2-German_papers(with_reference_in_footnote)/1-pdfs/39677.pdf,21
41733,41733.pdf,2,de,EXgoldstandard/Goldstandard_EXparser/1-German_papers/2-German_papers(with_reference_in_footnote)/1-pdfs/41733.pdf,6
42398,42398.pdf,2,de,EXgoldstandard/Goldstandard_EXparser/1-German_papers/2-German_papers(with_reference_in_footnote)/1-pdfs/42398.pdf,4
4930,4930.pdf,2,de,EXgoldstandard/Goldstandard_EXparser/1-German_papers/2-German_papers(with_reference_in_footnote)/1-pdfs/4930.pdf,111
35056,35056.pdf,2,de,EXgoldstandard/Goldstandard_EXparser/1-German_papers/2-German_papers(with_reference_in_footnote)/1-pdfs/35056.pdf,51
4336,4336.pdf,2,de,EXgoldstandard/Goldstandard_EXparser/1-German_papers/2-German_papers(with_reference_in_footnote)/1-pdfs/4336.pdf,27
33418,33418.pdf,2,de,EXgoldstandard/Goldstandard_EXparser/1-German_papers/2-German_papers(with_reference_in_footnote)/1-pdfs/33418.pdf,48
41507,41507.pdf,2,de,EXgoldstandard/Goldstandard_EXparser/1-German_papers/2-German_papers(with_reference_in_footnote)/1-pdfs/41507.pdf,4
4737,4737.pdf,2,de,EXgoldstandard/Goldstandard_EXparser/1-German_papers/2-German_papers(with_reference_in_footnote)/1-pdfs/4737.pdf,6
20148,20148.pdf,2,de,EXgoldstandard/Goldstandard_EXparser/1-German_papers/2-German_papers(with_reference_in_footnote)/1-pdfs/20148.pdf,8
4752,4752.pdf,2,de,EXgoldstandard/Goldstandard_EXparser/1-German_papers/2-German_papers(with_reference_in_footnote)/1-pdfs/4752.pdf,17
30957,30957.pdf,2,de,EXgoldstandard/Goldstandard_EXparser/1-German_papers/2-German_papers(with_reference_in_footnote)/1-pdfs/30957.pdf,16
4379,4379.pdf,2,de,EXgoldstandard/Goldstandard_EXparser/1-German_papers/2-German_papers(with_reference_in_footnote)/1-pdfs/4379.pdf,38
4782,4782.pdf,2,de,EXgoldstandard/Goldstandard_EXparser/1-German_papers/2-German_papers(with_reference_in_footnote)/1-pdfs/4782.pdf,7
31474,31474.pdf,3,de,EXgoldstandard/Goldstandard_EXparser/1-German_papers/3-German_papers(with_reference_in_footnote_and_end_of_paper)/1-pdfs/31474.pdf,12
42361,42361.pdf,3,de,EXgoldstandard/Goldstandard_EXparser/1-German_papers/3-German_papers(with_reference_in_footnote_and_end_of_paper)/1-pdfs/42361.pdf,25
49817,49817.pdf,3,de,EXgoldstandard/Goldstandard_EXparser/1-German_papers/3-German_papers(with_reference_in_footnote_and_end_of_paper)/1-pdfs/49817.pdf,17
35667,35667.pdf,3,de,EXgoldstandard/Goldstandard_EXparser/1-German_papers/3-German_papers(with_reference_in_footnote_and_end_of_paper)/1-pdfs/35667.pdf,49
39323,39323.pdf,3,de,EXgoldstandard/Goldstandard_EXparser/1-German_papers/3-German_papers(with_reference_in_footnote_and_end_of_paper)/1-pdfs/39323.pdf,34
11653,11653.pdf,3,de,EXgoldstandard/Goldstandard_EXparser/1-German_papers/3-German_papers(with_reference_in_footnote_and_end_of_paper)/1-pdfs/11653.pdf,48
44849,44849.pdf,3,de,EXgoldstandard/Goldstandard_EXparser/1-German_papers/3-German_papers(with_reference_in_footnote_and_end_of_paper)/1-pdfs/44849.pdf,14
19396,19396.pdf,3,de,EXgoldstandard/Goldstandard_EXparser/1-German_papers/3-German_papers(with_reference_in_footnote_and_end_of_paper)/1-pdfs/19396.pdf,60
11696,11696.pdf,3,de,EXgoldstandard/Goldstandard_EXparser/1-German_papers/3-German_papers(with_reference_in_footnote_and_end_of_paper)/1-pdfs/11696.pdf,41
35357,35357.pdf,3,de,EXgoldstandard/Goldstandard_EXparser/1-German_papers/3-German_papers(with_reference_in_footnote_and_end_of_paper)/1-pdfs/35357.pdf,26
28878,28878.pdf,3,de,EXgoldstandard/Goldstandard_EXparser/1-German_papers/3-German_papers(with_reference_in_footnote_and_end_of_paper)/1-pdfs/28878.pdf,8
37146,37146.pdf,3,de,EXgoldstandard/Goldstandard_EXparser/1-German_papers/3-German_papers(with_reference_in_footnote_and_end_of_paper)/1-pdfs/37146.pdf,18
42505,42505.pdf,1,en,EXgoldstandard/Goldstandard_EXparser/2-English_papers/1-English_papers(with_reference_section_at_end_of_paper)/1-pdfs/42505.pdf,26
53781,53781.pdf,1,en,EXgoldstandard/Goldstandard_EXparser/2-English_papers/1-English_papers(with_reference_section_at_end_of_paper)/1-pdfs/53781.pdf,12
22622,22622.pdf,1,en,EXgoldstandard/Goldstandard_EXparser/2-English_papers/1-English_papers(with_reference_section_at_end_of_paper)/1-pdfs/22622.pdf,3
53780,53780.pdf,1,en,EXgoldstandard/Goldstandard_EXparser/2-English_papers/1-English_papers(with_reference_section_at_end_of_paper)/1-pdfs/53780.pdf,7
22780,22780.pdf,1,en,EXgoldstandard/Goldstandard_EXparser/2-English_papers/1-English_papers(with_reference_section_at_end_of_paper)/1-pdfs/22780.pdf,14
2713,2713.pdf,1,en,EXgoldstandard/Goldstandard_EXparser/2-English_papers/1-English_papers(with_reference_section_at_end_of_paper)/1-pdfs/2713.pdf,16
40305,40305.pdf,1,en,EXgoldstandard/Goldstandard_EXparser/2-English_papers/1-English_papers(with_reference_section_at_end_of_paper)/1-pdfs/40305.pdf,11
12325,12325.pdf,1,en,EXgoldstandard/Goldstandard_EXparser/2-English_papers/1-English_papers(with_reference_section_at_end_of_paper)/1-pdfs/12325.pdf,8
22351,22351.pdf,1,en,EXgoldstandard/Goldstandard_EXparser/2-English_papers/1-English_papers(with_reference_section_at_end_of_paper)/1-pdfs/22351.pdf,21
12279,12279.pdf,1,en,EXgoldstandard/Goldstandard_EXparser/2-English_papers/1-English_papers(with_reference_section_at_end_of_paper)/1-pdfs/12279.pdf,6
36325,36325.pdf,1,en,EXgoldstandard/Goldstandard_EXparser/2-English_papers/1-English_papers(with_reference_section_at_end_of_paper)/1-pdfs/36325.pdf,9
9082,9082.pdf,1,en,EXgoldstandard/Goldstandard_EXparser/2-English_papers/1-English_papers(with_reference_section_at_end_of_paper)/1-pdfs/9082.pdf,18
11611,11611.pdf,1,en,EXgoldstandard/Goldstandard_EXparser/2-English_papers/1-English_papers(with_reference_section_at_end_of_paper)/1-pdfs/11611.pdf,28
20369,20369.pdf,1,en,EXgoldstandard/Goldstandard_EXparser/2-English_papers/1-English_papers(with_reference_section_at_end_of_paper)/1-pdfs/20369.pdf,9
28725,28725.pdf,1,en,EXgoldstandard/Goldstandard_EXparser/2-English_papers/1-English_papers(with_reference_section_at_end_of_paper)/1-pdfs/28725.pdf,15
54956,54956.pdf,1,en,EXgoldstandard/Goldstandard_EXparser/2-English_papers/1-English_papers(with_reference_section_at_end_of_paper)/1-pdfs/54956.pdf,8
22355,22355.pdf,1,en,EXgoldstandard/Goldstandard_EXparser/2-English_papers/1-English_papers(with_reference_section_at_end_of_paper)/1-pdfs/22355.pdf,15
36334,36334.pdf,1,en,EXgoldstandard/Goldstandard_EXparser/2-English_papers/1-English_papers(with_reference_section_at_end_of_paper)/1-pdfs/36334.pdf,23
54374,54374.pdf,1,en,EXgoldstandard/Goldstandard_EXparser/2-English_papers/1-English_papers(with_reference_section_at_end_of_paper)/1-pdfs/54374.pdf,28
26735,26735.pdf,1,en,EXgoldstandard/Goldstandard_EXparser/2-English_papers/1-English_papers(with_reference_section_at_end_of_paper)/1-pdfs/26735.pdf,21
46228,46228.pdf,1,en,EXgoldstandard/Goldstandard_EXparser/2-English_papers/1-English_papers(with_reference_section_at_end_of_paper)/1-pdfs/46228.pdf,22
28240,28240.pdf,1,en,EXgoldstandard/Goldstandard_EXparser/2-English_papers/1-English_papers(with_reference_section_at_end_of_paper)/1-pdfs/28240.pdf,27
46014,46014.pdf,1,en,EXgoldstandard/Goldstandard_EXparser/2-English_papers/1-English_papers(with_reference_section_at_end_of_paper)/1-pdfs/46014.pdf,49
37955,37955.pdf,1,en,EXgoldstandard/Goldstandard_EXparser/2-English_papers/1-English_papers(with_reference_section_at_end_of_paper)/1-pdfs/37955.pdf,24
1630,1630.pdf,1,en,EXgoldstandard/Goldstandard_EXparser/2-English_papers/1-English_papers(with_reference_section_at_end_of_paper)/1-pdfs/1630.pdf,13
29001,29001.pdf,1,en,EXgoldstandard/Goldstandard_EXparser/2-English_papers/1-English_papers(with_reference_section_at_end_of_paper)/1-pdfs/29001.pdf,22
49534,49534.pdf,1,en,EXgoldstandard/Goldstandard_EXparser/2-English_papers/1-English_papers(with_reference_section_at_end_of_paper)/1-pdfs/49534.pdf,25
22342,22342.pdf,1,en,EXgoldstandard/Goldstandard_EXparser/2-English_papers/1-English_papers(with_reference_section_at_end_of_paper)/1-pdfs/22342.pdf,16
42016,42016.pdf,1,en,EXgoldstandard/Goldstandard_EXparser/2-English_papers/1-English_papers(with_reference_section_at_end_of_paper)/1-pdfs/42016.pdf,13
54462,54462.pdf,1,en,EXgoldstandard/Goldstandard_EXparser/2-English_papers/1-English_papers(with_reference_section_at_end_of_paper)/1-pdfs/54462.pdf,19
48498,48498.pdf,1,en,EXgoldstandard/Goldstandard_EXparser/2-English_papers/1-English_papers(with_reference_section_at_end_of_paper)/1-pdfs/48498.pdf,36
22654,22654.pdf,1,en,EXgoldstandard/Goldstandard_EXparser/2-English_papers/1-English_papers(with_reference_section_at_end_of_paper)/1-pdfs/22654.pdf,14
55386,55386.pdf,1,en,EXgoldstandard/Goldstandard_EXparser/2-English_papers/1-English_papers(with_reference_section_at_end_of_paper)/1-pdfs/55386.pdf,26
54891,54891.pdf,1,en,EXgoldstandard/Goldstandard_EXparser/2-English_papers/1-English_papers(with_reference_section_at_end_of_paper)/1-pdfs/54891.pdf,7
2994,2994.pdf,1,en,EXgoldstandard/Goldstandard_EXparser/2-English_papers/1-English_papers(with_reference_section_at_end_of_paper)/1-pdfs/2994.pdf,20
23004,23004.pdf,1,en,EXgoldstandard/Goldstandard_EXparser/2-English_papers/1-English_papers(with_reference_section_at_end_of_paper)/1-pdfs/23004.pdf,3
34008,34008.pdf,1,en,EXgoldstandard/Goldstandard_EXparser/2-English_papers/1-English_papers(with_reference_section_at_end_of_paper)/1-pdfs/34008.pdf,29
34237,34237.pdf,1,en,EXgoldstandard/Goldstandard_EXparser/2-English_papers/1-English_papers(with_reference_section_at_end_of_paper)/1-pdfs/34237.pdf,13
51256,51256.pdf,1,en,EXgoldstandard/Goldstandard_EXparser/2-English_papers/1-English_papers(with_reference_section_at_end_of_paper)/1-pdfs/51256.pdf,14
42982,42982.pdf,1,en,EXgoldstandard/Goldstandard_EXparser/2-English_papers/1-English_papers(with_reference_section_at_end_of_paper)/1-pdfs/42982.pdf,7
24626,24626.pdf,1,en,EXgoldstandard/Goldstandard_EXparser/2-English_papers/1-English_papers(with_reference_section_at_end_of_paper)/1-pdfs/24626.pdf,32
20291,20291.pdf,1,en,EXgoldstandard/Goldstandard_EXparser/2-English_papers/1-English_papers(with_reference_section_at_end_of_paper)/1-pdfs/20291.pdf,11
22849,22849.pdf,1,en,EXgoldstandard/Goldstandard_EXparser/2-English_papers/1-English_papers(with_reference_section_at_end_of_paper)/1-pdfs/22849.pdf,16
9543,9543.pdf,1,en,EXgoldstandard/Goldstandard_EXparser/2-English_papers/1-English_papers(with_reference_section_at_end_of_paper)/1-pdfs/9543.pdf,26
25465,25465.pdf,1,en,EXgoldstandard/Goldstandard_EXparser/2-English_papers/1-English_papers(with_reference_section_at_end_of_paper)/1-pdfs/25465.pdf,16
26178,26178.pdf,1,en,EXgoldstandard/Goldstandard_EXparser/2-English_papers/1-English_papers(with_reference_section_at_end_of_paper)/1-pdfs/26178.pdf,31
53281,53281.pdf,1,en,EXgoldstandard/Goldstandard_EXparser/2-English_papers/1-English_papers(with_reference_section_at_end_of_paper)/1-pdfs/53281.pdf,9
26781,26781.pdf,1,en,EXgoldstandard/Goldstandard_EXparser/2-English_papers/1-English_papers(with_reference_section_at_end_of_paper)/1-pdfs/26781.pdf,33
24631,24631.pdf,1,en,EXgoldstandard/Goldstandard_EXparser/2-English_papers/1-English_papers(with_reference_section_at_end_of_paper)/1-pdfs/24631.pdf,34
45152,45152.pdf,1,en,EXgoldstandard/Goldstandard_EXparser/2-English_papers/1-English_papers(with_reference_section_at_end_of_paper)/1-pdfs/45152.pdf,5
47750,47750.pdf,1,en,EXgoldstandard/Goldstandard_EXparser/2-English_papers/1-English_papers(with_reference_section_at_end_of_paper)/1-pdfs/47750.pdf,7
54062,54062.pdf,1,en,EXgoldstandard/Goldstandard_EXparser/2-English_papers/1-English_papers(with_reference_section_at_end_of_paper)/1-pdfs/54062.pdf,13
35926,35926.pdf,1,en,EXgoldstandard/Goldstandard_EXparser/2-English_papers/1-English_papers(with_reference_section_at_end_of_paper)/1-pdfs/35926.pdf,20
45580,45580.pdf,1,en,EXgoldstandard/Goldstandard_EXparser/2-English_papers/1-English_papers(with_reference_section_at_end_of_paper)/1-pdfs/45580.pdf,18
20324,20324.pdf,1,en,EXgoldstandard/Goldstandard_EXparser/2-English_papers/1-English_papers(with_reference_section_at_end_of_paper)/1-pdfs/20324.pdf,20
22258,22258.pdf,1,en,EXgoldstandard/Goldstandard_EXparser/2-English_papers/1-English_papers(with_reference_section_at_end_of_paper)/1-pdfs/22258.pdf,18
39095,39095.pdf,1,en,EXgoldstandard/Goldstandard_EXparser/2-English_papers/1-English_papers(with_reference_section_at_end_of_paper)/1-pdfs/39095.pdf,6
6865,6865.pdf,1,en,EXgoldstandard/Goldstandard_EXparser/2-English_papers/1-English_papers(with_reference_section_at_end_of_paper)/1-pdfs/6865.pdf,36
36198,36198.pdf,1,en,EXgoldstandard/Goldstandard_EXparser/2-English_papers/1-English_papers(with_reference_section_at_end_of_paper)/1-pdfs/36198.pdf,40
9570,9570.pdf,1,en,EXgoldstandard/Goldstandard_EXparser/2-English_papers/1-English_papers(with_reference_section_at_end_of_paper)/1-pdfs/9570.pdf,13
25468,25468.pdf,1,en,EXgoldstandard/Goldstandard_EXparser/2-English_papers/1-English_papers(with_reference_section_at_end_of_paper)/1-pdfs/25468.pdf,7
37078,37078.pdf,1,en,EXgoldstandard/Goldstandard_EXparser/2-English_papers/1-English_papers(with_reference_section_at_end_of_paper)/1-pdfs/37078.pdf,14
22111,22111.pdf,1,en,EXgoldstandard/Goldstandard_EXparser/2-English_papers/1-English_papers(with_reference_section_at_end_of_paper)/1-pdfs/22111.pdf,24
37125,37125.pdf,1,en,EXgoldstandard/Goldstandard_EXparser/2-English_papers/1-English_papers(with_reference_section_at_end_of_paper)/1-pdfs/37125.pdf,7
52971,52971.pdf,1,en,EXgoldstandard/Goldstandard_EXparser/2-English_papers/1-English_papers(with_reference_section_at_end_of_paper)/1-pdfs/52971.pdf,18
22925,22925.pdf,1,en,EXgoldstandard/Goldstandard_EXparser/2-English_papers/1-English_papers(with_reference_section_at_end_of_paper)/1-pdfs/22925.pdf,16
2998,2998.pdf,1,en,EXgoldstandard/Goldstandard_EXparser/2-English_papers/1-English_papers(with_reference_section_at_end_of_paper)/1-pdfs/2998.pdf,18
34212,34212.pdf,1,en,EXgoldstandard/Goldstandard_EXparser/2-English_papers/1-English_papers(with_reference_section_at_end_of_paper)/1-pdfs/34212.pdf,9
22896,22896.pdf,1,en,EXgoldstandard/Goldstandard_EXparser/2-English_papers/1-English_papers(with_reference_section_at_end_of_paper)/1-pdfs/22896.pdf,37
46445,46445.pdf,1,en,EXgoldstandard/Goldstandard_EXparser/2-English_papers/1-English_papers(with_reference_section_at_end_of_paper)/1-pdfs/46445.pdf,38
46479,46479.pdf,1,en,EXgoldstandard/Goldstandard_EXparser/2-English_papers/1-English_papers(with_reference_section_at_end_of_paper)/1-pdfs/46479.pdf,6
55362,55362.pdf,1,en,EXgoldstandard/Goldstandard_EXparser/2-English_papers/1-English_papers(with_reference_section_at_end_of_paper)/1-pdfs/55362.pdf,10
11246,11246.pdf,1,en,EXgoldstandard/Goldstandard_EXparser/2-English_papers/1-English_papers(with_reference_section_at_end_of_paper)/1-pdfs/11246.pdf,33
8898,8898.pdf,1,en,EXgoldstandard/Goldstandard_EXparser/2-English_papers/1-English_papers(with_reference_section_at_end_of_paper)/1-pdfs/8898.pdf,27
11534,11534.pdf,1,en,EXgoldstandard/Goldstandard_EXparser/2-English_papers/1-English_papers(with_reference_section_at_end_of_paper)/1-pdfs/11534.pdf,40
6294,6294.pdf,1,en,EXgoldstandard/Goldstandard_EXparser/2-English_papers/1-English_papers(with_reference_section_at_end_of_paper)/1-pdfs/6294.pdf,21
24572,24572.pdf,1,en,EXgoldstandard/Goldstandard_EXparser/2-English_papers/1-English_papers(with_reference_section_at_end_of_paper)/1-pdfs/24572.pdf,26
9937,9937.pdf,1,en,EXgoldstandard/Goldstandard_EXparser/2-English_papers/1-English_papers(with_reference_section_at_end_of_paper)/1-pdfs/9937.pdf,24
19468,19468.pdf,1,en,EXgoldstandard/Goldstandard_EXparser/2-English_papers/1-English_papers(with_reference_section_at_end_of_paper)/1-pdfs/19468.pdf,34
40723,40723.pdf,1,en,EXgoldstandard/Goldstandard_EXparser/2-English_papers/1-English_papers(with_reference_section_at_end_of_paper)/1-pdfs/40723.pdf,8
5473,5473.pdf,1,en,EXgoldstandard/Goldstandard_EXparser/2-English_papers/1-English_papers(with_reference_section_at_end_of_paper)/1-pdfs/5473.pdf,13
39222,39222.pdf,1,en,EXgoldstandard/Goldstandard_EXparser/2-English_papers/1-English_papers(with_reference_section_at_end_of_paper)/1-pdfs/39222.pdf,17
23093,23093.pdf,1,en,EXgoldstandard/Goldstandard_EXparser/2-English_papers/1-English_papers(with_reference_section_at_end_of_paper)/1-pdfs/23093.pdf,13
46227,46227.pdf,1,en,EXgoldstandard/Goldstandard_EXparser/2-English_papers/1-English_papers(with_reference_section_at_end_of_paper)/1-pdfs/46227.pdf,14
34466,34466.pdf,1,en,EXgoldstandard/Goldstandard_EXparser/2-English_papers/1-English_papers(with_reference_section_at_end_of_paper)/1-pdfs/34466.pdf,21
6144,6144.pdf,1,en,EXgoldstandard/Goldstandard_EXparser/2-English_papers/1-English_papers(with_reference_section_at_end_of_paper)/1-pdfs/6144.pdf,44
22832,22832.pdf,1,en,EXgoldstandard/Goldstandard_EXparser/2-English_papers/1-English_papers(with_reference_section_at_end_of_paper)/1-pdfs/22832.pdf,10
5048,5048.pdf,1,en,EXgoldstandard/Goldstandard_EXparser/2-English_papers/1-English_papers(with_reference_section_at_end_of_paper)/1-pdfs/5048.pdf,38
54422,54422.pdf,1,en,EXgoldstandard/Goldstandard_EXparser/2-English_papers/1-English_papers(with_reference_section_at_end_of_paper)/1-pdfs/54422.pdf,13
11218,11218.pdf,1,en,EXgoldstandard/Goldstandard_EXparser/2-English_papers/1-English_papers(with_reference_section_at_end_of_paper)/1-pdfs/11218.pdf,37
53995,53995.pdf,1,en,EXgoldstandard/Goldstandard_EXparser/2-English_papers/1-English_papers(with_reference_section_at_end_of_paper)/1-pdfs/53995.pdf,11
45661,45661.pdf,1,en,EXgoldstandard/Goldstandard_EXparser/2-English_papers/1-English_papers(with_reference_section_at_end_of_paper)/1-pdfs/45661.pdf,10
19733,19733.pdf,1,en,EXgoldstandard/Goldstandard_EXparser/2-English_papers/1-English_papers(with_reference_section_at_end_of_paper)/1-pdfs/19733.pdf,35
22799,22799.pdf,1,en,EXgoldstandard/Goldstandard_EXparser/2-English_papers/1-English_papers(with_reference_section_at_end_of_paper)/1-pdfs/22799.pdf,12
49299,49299.pdf,1,en,EXgoldstandard/Goldstandard_EXparser/2-English_papers/1-English_papers(with_reference_section_at_end_of_paper)/1-pdfs/49299.pdf,15
54551,54551.pdf,1,en,EXgoldstandard/Goldstandard_EXparser/2-English_papers/1-English_papers(with_reference_section_at_end_of_paper)/1-pdfs/54551.pdf,14
27756,27756.pdf,1,en,EXgoldstandard/Goldstandard_EXparser/2-English_papers/1-English_papers(with_reference_section_at_end_of_paper)/1-pdfs/27756.pdf,20
11018,11018.pdf,1,en,EXgoldstandard/Goldstandard_EXparser/2-English_papers/1-English_papers(with_reference_section_at_end_of_paper)/1-pdfs/11018.pdf,31
22439,22439.pdf,1,en,EXgoldstandard/Goldstandard_EXparser/2-English_papers/1-English_papers(with_reference_section_at_end_of_paper)/1-pdfs/22439.pdf,12
46829,46829.pdf,1,en,EXgoldstandard/Goldstandard_EXparser/2-English_papers/1-English_papers(with_reference_section_at_end_of_paper)/1-pdfs/46829.pdf,14
